Year,ICPSR_State_Code,Alphanumeric_State_Code,State,Turnout_Rates_VEP_Total_Ballots_Counted,Numerators_Total_Ballots_Counted,Voting Eligible Population,Voting Age Population,Non_citizen,Prison,Probation,Parole,Total_Ineligible_Felon,Percent Ineligible Because of Felony Charges,Percent of Turnout Potentially Swayed by Ineligibilty
2014,0,0,United States,36.7,83262122,227157964,245712915,8.4,1493706,2298993,548576,3329718,1.35512535,3.999078957
2014,41,1,Alabama,33.2,1191274,3588783,3751844,2.5,31691,53640,8097,69826,1.861111496,5.861455887
2014,81,2,Alaska,54.8,285431,520562,553473,3.9,5216,7077,2210,11389,2.05773362,3.99010619
2014,61,3,Arizona,34.1,1537671,4510186,5110890,10.1,37516,73232,7502,86028,1.68322934,5.594694834
2014,42,4,Arkansas,40.3,852642,2117881,2263040,4,17756,28192,21743,55287,2.443041219,6.484198526
2014,71,5,California,30.7,7513972,24440416,29646675,16.8,136088,0,87104,223192,0.752839905,2.970359751
2014,62,6,Colorado,54.7,2080071,3800664,4128890,7.2,19121,0,10067,29188,0.706921231,1.403221332
2014,1,7,Connecticut,42.5,1096556,2577311,2828791,8.2,16113,0,2564,18677,0.660246727,1.703241786
2014,11,8,Delaware,34.9,238110,681526,735156,5.1,6625,15665,676,16073,2.186338682,6.750241485
2014,55,9,District of Columbia,35.7,177176,495899,547228,9.4,0,0,0,0,0,0
2014,43,10,Florida,43.3,6026802,13914216,15816663,10.6,95671,227087,4519,227359,1.437465033,3.772465065
2014,44,11,Georgia,38.6,2596947,6725041,7601982,7.1,50499,471067,25547,339844,4.470465729,13.0862894
2014,82,12,Hawaii,36.5,369554,1012123,1113693,8.6,5721,0,0,5721,0.513696324,1.548082283
2014,63,13,Idaho,39.8,445307,1119882,1205611,4.6,7901,33450,4217,30850,2.558868491,6.927804863
2014,21,14,Illinois,40.8,3680417,9028752,9922399,8.5,46465,0,0,46465,0.46828393,1.26249281
2014,22,15,Indiana,28.7,1387622,4829510,5033872,3.5,28638,0,0,28638,0.568906003,2.063818533
2014,31,16,Iowa,50.3,1142284,2269179,2386733,3.6,8686,29929,5769,31215,1.307854712,2.73268294
2014,32,17,Kansas,43.3,887023,2048164,2184712,5.2,9326,16328,4051,22521,1.030845256,2.538942057
2014,51,18,Kentucky,44.9,1459409,3247300,3406506,2.7,21402,54107,16729,68431,2.00883251,4.688952857
2014,45,19,Louisiana,44.9,1503975,3349433,3545845,3,37881,40979,29619,90448,2.550816519,6.013929753
2014,2,20,Maine,58.7,616996,1051557,1071521,1.9,0,0,0,0,0,0
2014,52,21,Maryland,42,1745104,4154546,4645171,8.9,20388,79539,11537,76467,1.646161142,4.381801887
2014,3,22,Massachusetts,44.7,2186789,4896296,5369534,8.6,10014,0,0,10014,0.186496631,0.457931698
2014,23,23,Michigan,43.2,3188956,7383958,7700110,3.5,42900,0,0,42900,0.557134898,1.345267856
2014,33,24,Minnesota,50.6,1992613,3935121,4194166,4.5,10003,97661,6642,71335,1.700814894,3.579972629
2014,46,25,Mississippi,,,2181131,2267463,1.7,18756,34398,9883,47902,2.11258133,#DIV/0!
2014,34,26,Missouri,33.6,1509025,4493722,4682458,2.4,31432,47303,18495,76417,1.63198474,5.063998277
2014,64,27,Montana,47.5,373831,787748,802644,1.4,3681,0,0,3681,0.458609296,0.984669543
2014,35,28,Nebraska,41.4,552115,1334453,1419489,5,5221,12940,1067,13534,0.953441696,2.451300907
2014,65,29,Nevada,29.6,552546,1867644,2173640,12.9,12537,12027,5927,25199,1.159299608,4.560525278
2014,4,30,New Hampshire,48.3,495565,1025862,1061054,3,2867,0,0,2867,0.270203025,0.578531575
2014,12,31,New Jersey,32.5,1955042,6014127,6936661,11.9,20255,115898,14889,100047,1.442293345,5.117383667
2014,66,32,New Mexico,,,1449503,1586442,7.5,6879,16060,2255,18128,1.142682808,#DIV/0!
2014,13,33,New York,29,3930310,13553426,15544111,12.2,48376,0,44889,93265,0.600002149,2.372968036
2014,47,34,North Carolina,41.2,2939767,7143737,7693406,5.9,35726,90918,10025,96665,1.256465602,3.288185764
2014,36,35,North Dakota,45,255128,567221,582205,2.3,1700,0,0,1700,0.29199337,0.666332194
2014,24,36,Ohio,36.2,3149876,8701243,8969074,2.4,51024,0,0,51024,0.568888159,1.61987329
2014,53,37,Oklahoma,30,825607,2755091,2940437,4.7,27650,28568,2560,46208,1.571467098,5.596851771
2014,72,38,Oregon,53.4,1541782,2887517,3115883,6.8,15075,0,0,15075,0.483811491,0.97776469
2014,14,39,Pennsylvania,36.5,3535576,9689491,10100271,3.6,49643,0,0,49643,0.491501664,1.40409936
2014,5,40,Rhode Island,42.4,329212,776286,842605,7.5,3294,0,0,3294,0.390930507,1.000571061
2014,48,41,South Carolina,35.2,1261611,3584461,3760480,3.5,20917,35096,5225,45796,1.217823257,3.629962009
2014,37,42,South Dakota,44.7,282291,630989,647810,1.6,3528,0,2611,6139,0.947654405,2.174706243
2014,54,43,Tennessee,29.8,1430117,4799476,5060636,3.6,28495,62950,13498,77245,1.526389173,5.401306327
2014,49,44,Texas,,,16675420,19847831,13.5,157361,388101,111412,486110,2.449184498,#DIV/0!
2014,67,45,Utah,30.3,577973,1905801,2054936,6.9,6824,0,0,6824,0.332078469,1.18067799
2014,6,46,Vermont,40.8,202445,495884,507304,2.3,0,0,0,0,0,0
2014,40,47,Virginia,36.8,2194346,5962456,6489957,7.1,36943,54966,1732,69456,1.070207399,3.165225539
2014,73,48,Washington,43.1,2123901,4928407,5467270,8.4,17345,94112,9880,79928,1.461936213,3.763263919
2014,56,49,West Virginia,32,462864,1447652,1472594,0.8,6873,7174,2749,13639,0.926188753,2.946653877
2014,25,50,Wisconsin,56.9,2422248,4260427,4470265,3.2,22097,46212,20010,67986,1.520849435,2.806731598
2014,68,51,Wyoming,39.7,171153,431434,451484,3.1,2330,5196,715,5955,1.318983618,3.479343044
2012,0,0,United States,58.6,130292355,222474111,240957993,8.4,1473412,2342582,637410,3352390,1.391275698,2.572975214
2012,41,1,Alabama,,,3539217,3707440,2.6,32232,57993,8616,71584,1.930820189,#DIV/0!
2012,81,2,Alaska,58.9,301694,511792,543763,3.8,5633,7173,1882,11317,2.081237598,3.751151829
2012,61,3,Arizona,53,2323579,4387900,4959270,9.9,35188,72452,7460,81048,1.634272786,3.488067331
2012,42,4,Arkansas,51.1,1078548,2109847,2242740,3.5,14471,30122,23372,53808,2.399208112,4.988929561
2012,71,5,California,55.7,13202158,23681837,28913129,17.4,119455,0,89287,208742,0.721962677,1.581120299
2012,62,6,Colorado,70.6,2596173,3675871,3981208,6.9,18807,0,11458,30265,0.760196403,1.165754362
2012,1,7,Connecticut,61.4,1560640,2543202,2801375,8.5,16935,0,2793,19728,0.704225603,1.264096781
2012,11,8,Delaware,,,663967,715708,5.1,6610,15641,601,15501,2.165827404,#DIV/0!
2012,55,9,District of Columbia,61.6,294254,477582,528848,9.7,0,0,0,0,0,0
2012,43,10,Florida,63.3,8538264,13495057,15380947,10.8,91954,240869,4538,224153,1.457341996,2.625276051
2012,44,11,Georgia,59.3,3919355,6606607,7452696,7.2,52737,442061,24761,311790,4.183586718,7.955135475
2012,82,12,Hawaii,44.5,437159,982902,1088335,9.2,5544,0,0,5544,0.509401976,1.268188462
2012,63,13,Idaho,61,666290,1091410,1173727,4.6,7985,31606,3848,28584,2.435319286,4.290023863
2012,21,14,Illinois,59.3,5279752,8899143,9827043,8.9,49348,0,0,49348,0.5021653,0.934665113
2012,22,15,Indiana,56,2663368,4755291,4960376,3.6,28266,0,0,28266,0.569835835,1.061287813
2012,31,16,Iowa,70.6,1589951,2251748,2356209,3.2,8470,29333,5151,29167,1.237878304,1.834459049
2012,32,17,Kansas,58.2,1182771,2030686,2162442,5,9346,17021,5126,23493,1.086410641,1.986267841
2012,51,18,Kentucky,56.2,1815843,3229185,3368684,2.2,21863,54511,14419,65173,1.934672412,3.58913188
2012,45,19,Louisiana,60.8,2014548,3311626,3495847,2.7,40047,41298,28946,90881,2.599684712,4.511235275
2012,2,20,Maine,69.3,724758,1046008,1064779,1.8,0,0,0,0,0,0
2012,52,21,Maryland,67.3,2734062,4063582,4553853,8.9,20871,96640,13195,85285,1.872809684,3.119351353
2012,3,22,Massachusetts,66.2,3184196,4809675,5263550,8.4,10283,0,0,10283,0.195362445,0.322938663
2012,23,23,Michigan,65.4,4780701,7312725,7625576,3.5,43019,0,0,43019,0.564140991,0.899847114
2012,33,24,Minnesota,76.4,2950780,3861598,4114820,4.4,9383,108157,6006,72712,1.767076081,2.464162018
2012,46,25,Mississippi,,,2166825,2246931,1.5,22305,30768,6804,45416,2.021245868,#DIV/0!
2012,34,26,Missouri,,,4432957,4628500,2.5,30714,55470,20672,80785,1.745381873,#DIV/0!
2012,64,27,Montana,63.5,491966,774476,785454,0.9,3592,0,0,3592,0.457315132,0.730131757
2012,35,28,Nebraska,61.1,804245,1316915,1396507,4.7,4466,14260,1383,13407,0.960038152,1.667029326
2012,65,29,Nevada,56.5,1016664,1800969,2105976,13.3,12883,11321,5379,24262,1.152054914,2.386432489
2012,4,30,New Hampshire,70.9,718700,1013420,1047978,3,2672,0,0,2672,0.254967184,0.371782385
2012,12,31,New Jersey,62.2,3683638,5918182,6847503,12.1,21759,114886,14987,97636,1.425862829,2.650531893
2012,66,32,New Mexico,54.8,786522,1436363,1573400,7.3,6553,21381,5078,22963,1.459450871,2.919562326
2012,13,33,New York,53.5,7128852,13324107,15344671,12.5,49889,0,46222,96111,0.62634774,1.348197438
2012,47,34,North Carolina,65.4,4542488,6947954,7496980,6.1,35567,96070,4359,90843,1.211727922,1.999851183
2012,36,35,North Dakota,60.4,325564,539164,549955,1.7,1500,0,0,1500,0.272749589,0.460738902
2012,24,36,Ohio,65.1,5632423,8649495,8896930,2.2,50313,0,0,50313,0.565509676,0.893274529
2012,53,37,Oklahoma,,,2713268,2885093,4.5,25225,25506,2310,41053,1.422935067,#DIV/0!
2012,72,38,Oregon,64.2,1820507,2836101,3050747,6.6,13607,0,0,13607,0.446021909,0.74742915
2012,14,39,Pennsylvania,,,9651432,10037099,3.3,50054,0,0,50054,0.49868991,#DIV/0!
2012,5,40,Rhode Island,,,768918,834983,7.5,3249,0,0,3249,0.389109718,#DIV/0!
2012,48,41,South Carolina,56.8,1981516,3486838,3662322,3.5,21895,34945,6116,46532,1.270560044,2.348303016
2012,37,42,South Dakota,60.1,368270,613190,631472,1.9,3574,0,2761,6335,1.003211544,1.720205284
2012,54,43,Tennessee,52.3,2478870,4736084,4976284,3.3,28135,64430,13138,75421,1.515608836,3.042555681
2012,49,44,Texas,,,16119973,19185395,13.5,157564,405473,112288,484753,2.526677194,#DIV/0!
2012,67,45,Utah,56.1,1028786,1833339,1978956,7,6611,0,0,6611,0.334065032,0.642602057
2012,6,46,Vermont,61.2,301793,493355,502242,1.8,0,0,0,0,0,0
2012,40,47,Virginia,66.6,3888186,5834676,6348827,7.1,36425,52956,1983,66475,1.047043808,1.709666153
2012,73,48,Washington,65.8,3172939,4822060,5329782,8.2,16355,88339,8895,72070,1.352212905,2.2713957
2012,56,49,West Virginia,,,1447066,1472642,0.8,7052,8573,2052,13648,0.92676971,#DIV/0!
2012,25,50,Wisconsin,,,4209370,4417273,3.2,21987,46328,20023,66564,1.506902562,#DIV/0!
2012,68,51,Wyoming,59,250701,425142,441726,2.5,2163,5162,762,5661,1.281563684,2.258068376
2010,0,0,United States,41.8,90912015,217551109,236022989,8.5,1512225,1321051,629644,3244035,1.374457214,3.568323725
2010,41,1,Alabama,43.3,1503232,3472582,3661784,2.8,31587,50622,9006,86889,2.372859786,5.780145713
2010,81,2,Alaska,52.9,261128,493764,528744,4,5576,6959,2089,13601,2.572322334,5.208556723
2010,61,3,Arizona,41.6,1750840,4209544,4807398,10.3,35368,52316,7993,96443,2.006137208,5.508384547
2010,42,4,Arkansas,37.9,789773,2081156,2216171,3.7,16047,26995,21106,53752,2.425444607,6.806006283
2010,71,5,California,45.9,10529134,22946053,28167234,17.7,146412,0,105133,217629,0.772631775,2.066922123
2010,62,6,Colorado,51.7,1828323,3533054,3843619,7.3,21559,0,11014,28322,0.736857633,1.549069831
2010,1,7,Connecticut,45.9,1153872,2512981,2765843,8.4,18553,0,2894,20768,0.750874146,1.799853017
2010,11,8,Delaware,49,316754,646969,696940,5.5,6307,4448,560,11326,1.625104026,3.575645454
2010,55,9,District of Columbia,29.6,135846,458619,506765,9.5,0,0,0,0,0,0
2010,43,10,Florida,42.2,5473787,12961184,14916066,11.2,97944,165760,4093,272113,1.82429469,4.971201839
2010,44,11,Georgia,40.6,2623035,6464845,7255919,7.4,54710,185286,25091,254264,3.504228754,9.693503899
2010,82,12,Hawaii,40.3,386302,959531,1062593,9.1,5813,0,0,5912,0.55637483,1.530408851
2010,63,13,Idaho,42.9,459079,1069446,1147210,4.7,7268,13721,3957,23131,2.016282982,5.038566347
2010,21,14,Illinois,43.1,3792770,8798829,9735944,9.1,46314,0,0,48418,0.497311817,1.276586769
2010,22,15,Indiana,38.1,1791832,4697111,4896656,3.5,27481,0,0,28028,0.572390627,1.564209145
2010,31,16,Iowa,50.7,1133429,2234516,2328262,3.2,9276,8862,3197,19916,0.855402012,1.757145794
2010,32,17,Kansas,42.6,857658,2011497,2137815,5.2,8741,3704,5063,15287,0.715075907,1.782412104
2010,51,18,Kentucky,44.3,1417995,3198093,3332204,2.4,20385,25688,14628,53546,1.606924426,3.776176926
2010,45,19,Louisiana,40,1298649,3249524,3438247,2.7,39335,42599,26202,95145,2.767253196,7.326460037
2010,2,20,Maine,55.9,580584,1038201,1055605,1.6,0,0,0,0,0,0
2010,52,21,Maryland,46.7,1868179,4001034,4449617,8.8,21992,26164,13195,55407,1.245208295,2.965829292
2010,3,22,Massachusetts,49.4,2319963,4693670,5152976,8.7,10429,0,0,11312,0.219523631,0.487593983
2010,23,23,Michigan,45.1,3268217,7245281,7555742,3.5,43499,0,0,44113,0.583834122,1.349757375
2010,33,24,Minnesota,55.8,2123369,3802677,4041199,4.5,9281,42661,5807,55361,1.369915216,2.607224651
2010,46,25,Mississippi,,,2129334,2220094,1.8,21067,26793,6434,51077,2.30066835,#DIV/0!
2010,34,26,Missouri,45.7,1997271,4366435,4581260,2.6,30178,54916,19421,95250,2.079122338,4.76900731
2010,64,27,Montana,48.4,367096,758653,770601,1.1,3706,0,0,3716,0.48222102,1.01226927
2010,35,28,Nebraska,38.7,503514,1301483,1375023,4.7,4324,4080,941,9138,0.664570702,1.814845267
2010,65,29,Nevada,41.4,723515,1747288,2046400,13.5,12653,8067,4964,23202,1.133795934,3.206844364
2010,4,30,New Hampshire,46.1,461423,999918,1033023,2.9,2694,0,0,2761,0.267273817,0.598366358
2010,12,31,New Jersey,37.7,2200974,5834037,6750869,12.2,25007,57517,15563,90306,1.337694451,4.103001671
2010,66,32,New Mexico,44.7,630013,1408872,1552212,7.7,6541,14855,3146,23087,1.487361263,3.664527557
2010,13,33,New York,36.3,4763899,13135048,15111583,12.5,50668,0,48542,80927,0.5355296,1.698755578
2010,47,34,North Carolina,39.8,2700706,6785463,7310093,6.1,38341,36740,3621,78667,1.07614226,2.912830941
2010,36,35,North Dakota,46.6,241039,516974,527497,1.7,1480,0,0,1487,0.281897338,0.616912616
2010,24,36,Ohio,46.2,3956028,8571952,8826908,2.3,51116,0,0,51712,0.585845009,1.307169717
2010,53,37,Oklahoma,39.1,1043507,2666767,2839030,4.4,25893,20601,2627,48167,1.6966006,4.615877038
2010,72,38,Oregon,53.9,1487210,2760607,2984806,7,12262,0,0,14014,0.469511251,0.942301356
2010,14,39,Pennsylvania,42.4,4055336,9565822,9946290,3.3,50116,0,0,51264,0.515408258,1.264112271
2010,5,40,Rhode Island,45.4,346357,763534,829913,7.6,3357,0,0,3357,0.404500231,0.969231169
2010,48,41,South Carolina,40.3,1365480,3388417,3571250,3.8,23074,21144,6412,47928,1.342051103,3.509974514
2010,37,42,South Dakota,53.9,323410,599507,616113,1.9,3373,0,2843,4856,0.788167106,1.501499644
2010,54,43,Tennessee,35.1,1620619,4622919,4878724,3.5,27213,52178,12157,85708,1.756770828,5.288596518
2010,49,44,Texas,32.7,5066957,15514007,18487369,13.5,164507,247136,104763,473167,2.559406912,9.33828726
2010,67,45,Utah,36.8,653274,1772934,1914974,7,6536,0,0,6807,0.355461745,1.041982384
2010,6,46,Vermont,49.8,243617,488942,498254,1.9,0,0,0,0,0,0
2010,40,47,Virginia,39.1,2214505,5660589,6194717,7.1,36020,56654,2624,95376,1.539634498,4.306876706
2010,73,48,Washington,54.3,2565589,4724350,5190736,8.3,17331,15452,6956,37165,0.715987097,1.448595235
2010,56,49,West Virginia,37.2,536493,1442003,1468812,0.9,6673,6650,1796,14229,0.968742085,2.652224726
2010,25,50,Wisconsin,52.4,2185021,4172130,4365214,3.2,22724,22602,19572,55112,1.262526877,2.522264088
2010,68,51,Wyoming,46,190822,414536,430673,2.4,2059,3231,682,5684,1.319794833,2.978692184
2008,0,0,United States,62.2,132609063,213313508,230872030,8.4,1605448,2451085,627680,3144831,1.362153311,2.371505332
2008,41,1,Alabama,61,2105622,3454510,3595708,2.2,30508,53252,8042,61155,1.700777705,2.904367451
2008,81,2,Alaska,68.3,327341,479429,507645,3.7,5014,6708,1732,9234,1.818987678,2.820911527
2008,61,3,Arizona,57.4,2320851,4046075,4673718,11.6,39589,82232,7534,84472,1.80738333,3.639699403
2008,42,4,Arkansas,52.9,1095958,2071563,2174846,2.9,14716,31169,19908,40255,1.850935652,3.673042215
2008,71,5,California,61.7,13743177,22261504,27411094,17.9,173670,0,120753,234047,0.85384042,1.703005062
2008,62,6,Colorado,71.6,2422236,3382959,3708955,8,23274,0,11654,29101,0.784614534,1.201410597
2008,1,7,Connecticut,,,2471082,2725917,8.5,20661,0,2328,21825,0.800648002,#DIV/0!
2008,11,8,Delaware,65.8,413562,628200,680493,5.3,7075,17216,551,15959,2.345211486,3.858913537
2008,55,9,District of Columbia,61.7,266871,432566,481971,10.3,0,0,0,0,0,0
2008,43,10,Florida,66.6,8453743,12687407,14558436,11.2,102388,279760,4528,244532,1.679658447,2.892588526
2008,44,11,Georgia,62.7,3940705,6281872,7063638,7.3,52719,397081,23448,262984,3.723067349,6.673526691
2008,82,12,Hawaii,49,456064,930067,1036088,9.7,5955,0,0,5955,0.574758129,1.305737791
2008,63,13,Idaho,64.8,667506,1029416,1117842,4.9,7290,49513,3361,33727,3.017152692,5.052688665
2008,21,14,Illinois,64.3,5578195,8681138,9615700,9.2,45474,0,0,45474,0.472914088,0.815209938
2008,22,15,Indiana,60.3,2805986,4653019,4826231,3,28322,0,0,28322,0.586834737,1.009342171
2008,31,16,Iowa,69.7,1543662,2216094,2298515,2.6,8766,22958,3159,21825,0.949526107,1.413845777
2008,32,17,Kansas,63.5,1264208,1991759,2100084,4.2,8539,16263,4958,19150,0.911868287,1.514782378
2008,51,18,Kentucky,59,1858578,3152629,3277617,2.2,21706,51035,12277,53362,1.628073079,2.871119749
2008,45,19,Louisiana,61.8,1979852,3205794,3342279,2,38381,40025,24636,70712,2.115682144,3.571580098
2008,2,20,Maine,71.8,744456,1036242,1049816,1.3,0,0,0,0,0,0
2008,52,21,Maryland,67.8,2661905,3925117,4342850,7.8,23324,96360,13220,78114,1.79868059,2.934514943
2008,3,22,Massachusetts,67.3,3102995,4612550,5058035,8.6,11408,0,0,11408,0.225542132,0.367644808
2008,23,23,Michigan,69.7,5039080,7229512,7528460,3.3,48738,0,0,48738,0.647383396,0.967200362
2008,33,24,Minnesota,78.1,2921147,3740142,3975974,4,9910,127627,5081,76264,1.918121195,2.610755296
2008,46,25,Mississippi,,,2113347,2190402,1.9,22754,22267,2922,35349,1.613813355,#DIV/0!
2008,34,26,Missouri,68.2,2950504,4327572,4507688,2.5,30186,57360,20683,69208,1.535332525,2.345633153
2008,64,27,Montana,67.1,497599,741853,755384,1.3,3545,0,0,3545,0.469297735,0.712421046
2008,35,28,Nebraska,63.7,811923,1274719,1348048,4.3,4520,19606,846,14746,1.093877963,1.816182076
2008,65,29,Nevada,57.2,970019,1696831,2000277,14.1,12743,13337,3908,21366,1.068152061,2.202637268
2008,4,30,New Hampshire,72.5,719643,992226,1021787,2.6,2702,0,0,2702,0.264438675,0.375463945
2008,12,31,New Jersey,67.7,3910220,5776527,6651284,11.7,25953,128737,15849,98246,1.477098257,2.512544051
2008,66,32,New Mexico,61.2,833365,1362629,1505830,8.3,6402,20883,3724,18706,1.2422385,2.244634704
2008,13,33,New York,59.6,7721718,12948969,14876971,12.4,60347,0,52225,86460,0.58116669,1.11969901
2008,47,34,North Carolina,66.1,4354571,6584302,7096503,5.9,39482,109678,3409,96026,1.353145345,2.205177043
2008,36,35,North Dakota,63.6,321133,504762,512768,1.3,1452,0,0,1452,0.283168997,0.45214911
2008,24,36,Ohio,67.8,5773777,8513079,8757453,2.2,51686,0,0,51686,0.590194432,0.895185249
2008,53,37,Oklahoma,56.3,1474694,2619121,2770219,4,25864,27940,3073,41371,1.493419834,2.80539556
2008,72,38,Oregon,68.3,1845251,2700327,2916246,6.9,14167,0,0,14167,0.48579578,0.767754631
2008,14,39,Pennsylvania,64.2,6071357,9457942,9813664,3.1,49215,0,0,49215,0.501494651,0.810609556
2008,5,40,Rhode Island,62.3,475428,763608,825786,7,4045,0,0,4045,0.48983635,0.850812321
2008,48,41,South Carolina,58.2,1927153,3311044,3473488,3.4,24326,41254,1947,45927,1.322215594,2.383152765
2008,37,42,South Dakota,65.6,387449,590720,602539,1.2,3342,0,2720,4702,0.780364425,1.213579078
2008,54,43,Tennessee,57.4,2618238,4563192,4771926,3.1,27228,58109,10578,61572,1.290296622,2.351657871
2008,49,44,Texas,,,14929810,17756112,13.5,172506,427080,102921,437507,2.463979727,#DIV/0!
2008,67,45,Utah,57.1,971185,1700286,1840087,7.2,6552,0,0,6552,0.356070121,0.674639744
2008,6,46,Vermont,67.7,326822,482677,492610,2,0,0,0,0,0,0
2008,40,47,Virginia,67.6,3753059,5555415,6022123,6.6,38276,53614,4471,67319,1.117861591,1.793710144
2008,73,48,Washington,67.3,3071587,4561163,5032960,7.8,17926,113134,11768,80377,1.597012494,2.616790604
2008,56,49,West Virginia,51.2,731691,1430439,1453045,0.8,6059,8283,2005,11203,0.771001586,1.53111081
2008,25,50,Wisconsin,72.7,2997086,4120694,4306876,3,23379,50418,18105,57641,1.33834826,1.923234769
2008,68,51,Wyoming,63.1,256035,405732,418040,1.7,2084,5438,727,5167,1.236006124,2.018083465
2006,0,0,United States,41.3,85769132,207643594,225485399,8.6,1566526,2418574,587305,3363118,1.491501452,3.921128641
2006,41,1,Alabama,,,3338467,3513952,2.3,28241,55766,7795,63919,1.819006065,#DIV/0!
2006,81,2,Alaska,51.2,238307,465169,492452,4.5,5069,6095,973,9090,1.845865181,3.814407466
2006,61,3,Arizona,39.6,1553032,3923786,4490327,12.6,35892,73265,6213,78738,1.753502585,5.069953485
2006,42,4,Arkansas,38.9,780409,2004193,2130080,3.3,13729,31508,16666,46149,2.166538346,5.913437697
2006,71,5,California,41.2,8899059,21582217,26739781,18.9,175512,0,111744,287256,1.074264595,3.227936796
2006,62,6,Colorado,48.1,1586105,3297308,3569901,8,22481,0,8196,30677,0.85932355,1.934109028
2006,1,7,Connecticut,47.7,1162391,2437559,2683538,7.9,20566,0,2571,23137,0.862182686,1.990466203
2006,11,8,Delaware,42.9,258053,601341,659410,5.3,7206,16958,600,16285,2.469631944,6.310719116
2006,55,9,District of Columbia,28.7,122356,426612,466827,9.7,0,0,0,0,0,0
2006,43,10,Florida,40.1,4884544,12187858,14211669,11.8,92969,272977,4785,234243,1.64824413,4.795596068
2006,44,11,Georgia,35.1,2143845,6115331,6799654,7.4,52792,422790,22851,287038,4.221361852,13.38893437
2006,82,12,Hawaii,38.4,348988,908925,1012975,8.1,5967,0,0,5967,0.589056986,1.70980091
2006,63,13,Idaho,46.2,458927,993010,1072895,4.4,7124,48609,2482,33911,3.160700721,7.389192617
2006,21,14,Illinois,41.4,3586292,8667453,9483856,9.2,45106,0,0,45106,0.475608234,1.257733615
2006,22,15,Indiana,37.7,1719351,4559294,4743856,3.1,26091,0,0,26091,0.549995615,1.517491193
2006,31,16,Iowa,49.2,1071509,2178322,2267991,2.8,8875,22622,3560,23746,1.047005918,2.216126976
2006,32,17,Kansas,44.3,864083,1948850,2062668,4.7,8816,15518,4666,21241,1.029782786,2.458212926
2006,51,18,Kentucky,44.2,1370062,3100828,3218000,1.9,20000,41162,10162,50743,1.576848975,3.703701
2006,45,19,Louisiana,31.4,954896,3043573,3239317,2,37012,38057,24072,80113,2.473144802,8.389709455
2006,2,20,Maine,,,1016287,1037200,1.7,0,0,0,0,0,#DIV/0!
2006,52,21,Maryland,47.2,1809237,3833349,4261205,7.9,22945,75698,14271,75065,1.761590911,4.148986562
2006,3,22,Massachusetts,49.3,2243835,4552794,4970780,8.7,11032,0,0,11032,0.221937,0.491658255
2006,23,23,Michigan,52.8,3852008,7292624,7532918,3.6,51577,0,0,51577,0.684688191,1.33896399
2006,33,24,Minnesota,60.5,2217552,3667707,3896561,4.2,9108,127289,4007,76760,1.969942213,3.461474635
2006,46,25,Mississippi,,,2077420,2154112,1.3,21068,24107,1970,35092,1.629070355,#DIV/0!
2006,34,26,Missouri,51.2,2178278,4253541,4427266,2.2,30167,54963,18374,76023,1.71715456,3.490050398
2006,64,27,Montana,57.1,411061,720447,734669,1,3572,0,0,3572,0.486205352,0.868970785
2006,35,28,Nebraska,48.8,610499,1251027,1325932,4.3,4407,18731,662,14435,1.088668197,2.364459237
2006,65,29,Nevada,37.1,586274,1579222,1907976,14.4,12901,13208,3518,23023,1.206671363,3.927003415
2006,4,30,New Hampshire,42.9,418550,975281,1006234,3.4,2805,0,0,2805,0.278762196,0.670170828
2006,12,31,New Jersey,40.6,2315643,5701033,6565183,12,27371,132636,13874,107563,1.638385404,4.645059709
2006,66,32,New Mexico,43.1,568597,1320285,1464560,8,6639,16493,2831,17717,1.209714863,3.115915138
2006,13,33,New York,36.5,4703830,12878632,14665626,12.4,63315,0,53533,116848,0.796747442,2.48410338
2006,47,34,North Carolina,32.5,2036451,6264630,6799585,5.8,37460,110419,3101,95771,1.408483018,4.702838418
2006,36,35,North Dakota,45.4,220479,486142,503647,1.5,1363,0,0,1363,0.270626054,0.618199466
2006,24,36,Ohio,49.5,4184072,8461211,8687609,2.2,49166,0,0,49166,0.565932468,1.175075381
2006,53,37,Oklahoma,,,2547224,2709819,3.9,26243,27415,4329,44280,1.634057478,#DIV/0!
2006,72,38,Oregon,53.2,1399650,2628937,2829482,7.3,13707,0,0,13707,0.48443496,0.979316258
2006,14,39,Pennsylvania,,,9283762,9680466,3,44397,0,0,44397,0.458624616,#DIV/0!
2006,5,40,Rhode Island,52.1,392882,754219,824887,8.1,3996,0,0,3996,0.484429989,1.017099282
2006,48,41,South Carolina,35.4,1117311,3152046,3332190,3.2,23616,38353,3072,45865,1.376422113,4.104944818
2006,37,42,South Dakota,58.8,341105,580592,589178,1.4,3359,0,2444,5803,0.984931549,1.70123569
2006,54,43,Tennessee,42.1,1868363,4433921,4641909,3.1,25745,52558,8630,60654,1.306660686,3.246371289
2006,49,44,Texas,,,14255313,17029802,13.4,172116,431967,101916,490016,2.877402802,#DIV/0!
2006,67,45,Utah,35,582561,1664323,1752158,7.1,6430,0,0,6430,0.366976038,1.103747075
2006,6,46,Vermont,55,263025,478247,487141,2,0,0,0,0,0,0
2006,40,47,Virginia,44.5,2398589,5385522,5867219,6.7,36688,48144,4499,65259,1.112264601,2.720724559
2006,73,48,Washington,47.3,2085074,4403981,4861001,8,17561,108076,11568,83167,1.710902754,3.988683375
2006,56,49,West Virginia,33.8,473014,1401490,1439052,0.7,5733,7668,1416,10983,0.76321078,2.32191859
2006,25,50,Wisconsin,53.7,2183155,4064432,4240696,2.9,23431,55806,15907,67241,1.585612362,3.07999203
2006,68,51,Wyoming,51.8,196217,379127,400187,2,2114,5225,609,5336,1.333376646,2.719438173
2004,0,0,United States,60.7,123535883,203483455,220336019,8.2,1490169,2387283,474632,3158443,1.433466491,2.556700874
2004,41,1,Alabama,57.4,1890317,3292608,3427542,1.9,26521,36795,7745,52664,1.536494666,2.785987747
2004,81,2,Alaska,69.6,314502,452124,476378,4,4515,5547,951,8240,1.729718837,2.620015135
2004,61,3,Arizona,54.8,2038069,3717055,4215706,11.5,31631,69343,5671,71974,1.707282244,3.531480043
2004,42,4,Arkansas,54.4,1070573,1969208,2072986,2.8,13477,29128,14844,42885,2.068754926,4.005798764
2004,71,5,California,59.6,12589367,21132533,26246548,18.8,166053,0,110261,276314,1.052763205,2.194820439
2004,62,6,Colorado,67.3,2148036,3192647,3443164,7.5,19756,0,7383,27139,0.788199458,1.263433201
2004,1,7,Connecticut,66.2,1607808,2429634,2652587,7.3,20018,0,2552,22570,0.850867474,1.40377458
2004,11,8,Delaware,64.5,377407,584817,635370,4.7,6973,18725,539,16875,2.655932764,4.471300214
2004,55,9,District of Columbia,54.9,230105,419142,458758,10,0,0,0,0,0,0
2004,43,10,Florida,64.7,7640319,11811921,13643828,11.2,84733,281170,4888,230206,1.687253753,3.013041733
2004,44,11,Georgia,56.4,3317336,5878186,6499325,6.8,48625,419350,23344,281644,4.333434626,8.490065522
2004,82,12,Hawaii,48.5,431662,889540,982882,7.9,5946,0,0,5946,0.60495563,1.377466629
2004,63,13,Idaho,64.8,612786,946160,1016255,4.1,6312,44580,2370,30972,3.047660282,5.054293016
2004,21,14,Illinois,62.4,5350493,8576696,9391420,9,44379,0,0,44379,0.472548347,0.829437586
2004,22,15,Indiana,55.8,2512142,4504260,4660157,2.7,23760,0,0,23760,0.509854067,0.945806407
2004,31,16,Iowa,70.6,1521966,2156389,2239979,2.6,8611,22832,3317,23344,1.042152627,1.533805617
2004,32,17,Kansas,62.9,1213108,1928764,2032763,4.3,9152,14309,4525,20832,1.024812042,1.717241993
2004,51,18,Kentucky,59.4,1816867,3057741,3157464,1.7,17763,33286,8006,42412,1.343229883,2.334348084
2004,45,19,Louisiana,61.5,1956590,3182762,3379937,1.8,36745,38470,24387,80367,2.377766213,4.10750336
2004,2,20,Maine,74.9,751519,1003792,1022043,1.6,0,0,0,0,0,0
2004,52,21,Maryland,63.1,2395791,3797264,4179376,7.2,23727,76676,14351,76416,1.82840692,3.18959375
2004,3,22,Massachusetts,64.6,2927455,4533859,4935787,8.4,10365,0,0,10365,0.209996906,0.354061805
2004,23,23,Michigan,67.1,4875692,7263024,7508568,3.4,48591,0,0,48591,0.647140706,0.996596996
2004,33,24,Minnesota,78.8,2842912,3609185,3819020,3.9,8613,114226,3872,69598,1.822404701,2.448123614
2004,46,25,Mississippi,,,2068766,2133681,1.2,20429,21324,1979,33070,1.549903664,#DIV/0!
2004,34,26,Missouri,66.1,2764635,4180960,4339414,1.9,30775,53832,17400,75091,1.730441023,2.716127084
2004,64,27,Montana,65.2,456096,699114,711858,1,3800,0,0,3800,0.533814328,0.833157932
2004,35,28,Nebraska,64.1,792906,1236522,1305430,4,4042,17994,805,13844,1.060493477,1.7459825
2004,65,29,Nevada,55.4,831563,1501437,1776962,13.2,10971,12521,3610,20842,1.172900715,2.506364521
2004,4,30,New Hampshire,71.5,683672,956422,984422,3.2,2441,0,0,2441,0.247962764,0.357042558
2004,12,31,New Jersey,64.2,3638153,5663201,6513394,11.7,28107,143315,14180,113945,1.749395169,3.131946348
2004,66,32,New Mexico,60.4,775301,1282767,1411419,7.4,6341,17725,2676,17880,1.26681021,2.306201075
2004,13,33,New York,58.5,7448266,12738056,14598898,12.6,64596,0,54524,119120,0.815951999,1.599298414
2004,47,34,North Carolina,58.7,3552449,6055771,6505150,5.3,34917,111537,2882,93568,1.438368062,2.633901289
2004,36,35,North Dakota,65.5,316049,482722,496479,1.3,1266,0,0,1266,0.25499568,0.400570798
2004,24,36,Ohio,67.9,5722443,8427696,8624277,2,44770,0,0,44770,0.519115979,0.782358164
2004,53,37,Oklahoma,,,2510823,2649994,3.4,24767,28435,4329,43314,1.634494267,#DIV/0!
2004,72,38,Oregon,72.6,1851671,2550887,2736472,6.8,13219,0,0,13219,0.483067249,0.713895719
2004,14,39,Pennsylvania,,,9221962,9554349,2.7,40692,0,0,40692,0.425900289,#DIV/0!
2004,5,40,Rhode Island,58.9,440228,747046,827513,7.6,3701,26085,368,17112,2.067882921,3.887076697
2004,48,41,South Carolina,53.2,1626720,3055098,3198733,2.7,24173,38856,2217,45818,1.432379633,2.816587981
2004,37,42,South Dakota,69.4,394930,569161,576472,1.4,3101,0,0,3101,0.537927254,0.785202441
2004,54,43,Tennessee,56.8,2456610,4328446,4496929,2.6,25834,47392,8410,57940,1.288434841,2.358534729
2004,49,44,Texas,,,13796256,16284659,12.5,169110,428773,102072,485569,2.981757248,#DIV/0!
2004,67,45,Utah,59.8,942010,1574463,1664066,6.8,5802,0,0,5802,0.348664055,0.615917028
2004,6,46,Vermont,66.7,314220,470754,480053,2.1,0,0,0,0,0,0
2004,40,47,Virginia,61.1,3223156,5277156,5699175,6.2,35472,43470,4392,61599,1.080840648,1.911139268
2004,73,48,Washington,67.5,2883499,4272914,4683829,7.4,16559,125222,120,79290,1.692845747,2.749784203
2004,56,49,West Virginia,55.1,769645,1396545,1425689,0.6,4980,6977,1216,9685,0.679320665,1.258372366
2004,25,50,Wisconsin,75.3,3016288,4006948,4172068,2.7,22905,54970,13883,64273,1.540554948,2.130864162
2004,68,51,Wyoming,66.3,245789,370785,386796,1.7,1923,4418,563,4695,1.213818137,1.910174987
2002,0,0,United States,40.5,80295249,198381939,215461549,8,1456927,2451708,485282,3168063,1.470361192,3.945517374
2002,41,1,Alabama,,,3285643,3371451,1.8,28440,39713,5309,53606,1.589997897,#DIV/0!
2002,81,2,Alaska,54.5,232852,427337,457154,3.8,4431,5229,900,7946,1.738145133,3.412468005
2002,61,3,Arizona,36.7,1255615,3419481,3998148,11.1,30741,66485,4587,68571,1.715069077,5.461148521
2002,42,4,Arkansas,41.7,814176,1951568,2031787,2.6,12378,27377,12128,38195,1.87987225,4.691246119
2002,71,5,California,37.3,7738821,20733192,25622609,18.8,163361,0,113185,276546,1.079304609,3.57349007
2002,62,6,Colorado,46.6,1424029,3056465,3362098,7.2,19085,0,6215,25300,0.752506322,1.776649211
2002,1,7,Connecticut,45.1,1090756,2418037,2617814,7.1,20525,0,2186,22711,0.867555907,2.082133859
2002,11,8,Delaware,,,564938,612919,4.4,6879,20201,551,17531,2.860247439,#DIV/0!
2002,55,9,District of Columbia,,,412062,458631,10,0,0,0,0,0,#DIV/0!
2002,43,10,Florida,45.9,5143674,11194391,13005435,10.9,80352,291315,5223,231233,1.777972056,4.49548319
2002,44,11,Georgia,,,5731983,6287215,6.5,47004,367349,20822,251501,4.000197226,#DIV/0!
2002,82,12,Hawaii,44.2,385462,872992,950520,8,5635,0,0,5635,0.592833396,1.461882105
2002,63,13,Idaho,45.2,416533,921256,970916,4,5825,31361,1961,23467,2.416995909,5.633887351
2002,21,14,Illinois,42.8,3651808,8540965,9302571,8.9,43186,0,0,43186,0.464237252,1.182592294
2002,22,15,Indiana,34.8,1562037,4494191,4587747,2.6,22576,0,0,22576,0.492093396,1.445292269
2002,31,16,Iowa,48.7,1040201,2136683,2214936,2.5,8395,19970,2787,21167,0.95564838,2.034895179
2002,32,17,Kansas,44.9,851966,1897261,2007407,4.1,9009,15217,3990,20608,1.026597994,2.418875871
2002,51,18,Kentucky,,,3044267,3100972,1.7,16377,24480,5968,34585,1.115295462,#DIV/0!
2002,45,19,Louisiana,40.1,1267225,3163663,3312330,1.7,36091,36257,23049,77269,2.332768776,6.097496498
2002,2,20,Maine,,,995056,1001796,1.6,0,0,0,0,0,#DIV/0!
2002,52,21,Maryland,46.8,1721626,3678346,4082694,6.9,24186,81982,13271,78448,1.921476359,4.556622635
2002,3,22,Massachusetts,49.8,2220301,4458820,4919958,8.2,10511,0,0,10511,0.213640035,0.473404282
2002,23,23,Michigan,45,3219864,7147888,7445335,3.4,49524,0,0,49524,0.665168189,1.538077385
2002,33,24,Minnesota,,,3518184,3745577,3.8,7612,122692,3577,72535,1.936550764,#DIV/0!
2002,46,25,Mississippi,,,2047426,2099698,1.1,20542,16633,1816,30675,1.460924381,#DIV/0!
2002,34,26,Missouri,,,4116889,4262146,1.9,30649,54584,13533,71474,1.676948655,#DIV/0!
2002,64,27,Montana,49.7,340272,684572,690652,1,3440,0,0,3440,0.498080075,1.010955941
2002,35,28,Nebraska,,,1204512,1285024,3.8,4103,16468,574,12911,1.004728316,#DIV/0!
2002,65,29,Nevada,36.8,512433,1391100,1640679,12.7,10527,12290,3971,20643,1.258198587,4.028429082
2002,4,30,New Hampshire,48.7,453078,930362,960401,3,2483,0,0,2483,0.25853784,0.548029258
2002,12,31,New Jersey,38.9,2161105,5549726,6448445,11.5,28213,134290,12576,107934,1.673798877,4.994389444
2002,66,32,New Mexico,40,502230,1255086,1360130,7,6173,16287,1962,16279,1.196870887,3.241343608
2002,13,33,New York,37,4690968,12679865,14504792,12.6,65914,0,55990,121904,0.840439491,2.598696047
2002,47,34,North Carolina,,,5876705,6314679,5,33334,112900,2805,92589,1.466250303,#DIV/0!
2002,36,35,North Dakota,49.8,237224,476251,486797,1.2,1168,0,0,1168,0.239935743,0.49236165
2002,24,36,Ohio,40.3,3356285,8322521,8556557,1.9,45831,0,0,45831,0.535624317,1.365527659
2002,53,37,Oklahoma,,,2513143,2610016,3.3,23004,29881,3573,41518,1.590718218,#DIV/0!
2002,72,38,Oregon,51.8,1293756,2495739,2674581,6.7,12422,0,0,12422,0.464446581,0.960150137
2002,14,39,Pennsylvania,,,9143001,9454338,2.6,40545,0,0,40545,0.428850756,#DIV/0!
2002,5,40,Rhode Island,45.4,337027,741776,819310,7.4,3569,25914,384,16910,2.063931845,5.017402167
2002,48,41,South Carolina,,,2982810,3100548,2.6,24247,41574,3491,48525,1.565045921,#DIV/0!
2002,37,42,South Dakota,61.2,340407,556154,564305,1.3,3059,0,0,3059,0.542082739,0.898630169
2002,54,43,Tennessee,,,4151834,4393757,2.5,25409,42712,7949,54714,1.245266864,#DIV/0!
2002,49,44,Texas,34.5,4552059,13181016,15718593,12.1,164222,434486,103068,484533,3.082546892,10.6442601
2002,67,45,Utah,37.8,568290,1504529,1601707,6.5,5594,0,0,5594,0.349252391,0.984356579
2002,6,46,Vermont,49.4,232993,471403,472402,2.1,0,0,0,0,0,0
2002,40,47,Virginia,32.3,1661915,5138270,5536511,6,34733,40359,4530,59443,1.073654509,3.576777392
2002,73,48,Washington,43.5,1808720,4162032,4553733,7.3,16284,171603,95,102181,2.243895283,5.649354239
2002,56,49,West Virginia,31.5,440156,1398124,1413580,0.6,4703,6430,999,8917,0.630809717,2.025872645
2002,25,50,Wisconsin,,,3908088,4094028,2.6,22366,54614,11088,60761,1.484137383,#DIV/0!
2002,68,51,Wyoming,50.8,188028,370488,376121,1.6,1809,4596,570,4677,1.243482815,2.487395494
2000,0,0,United States,55.3,107390107,194331436,210623408,7.7,1377013,2339388,536039,3082746,1.463629342,2.870605204
2000,41,1,Alabama,,,3241682,3334576,1.5,26225,40178,5484,51798,1.553360907,#DIV/0!
2000,81,2,Alaska,68.7,287825,419111,440296,3.4,4173,4779,525,7088,1.609826117,2.462607487
2000,61,3,Arizona,46.4,1559520,3357701,3816498,10.3,26510,59810,3474,59889,1.569213452,3.840220068
2000,42,4,Arkansas,,,1925961,2001774,2.3,11915,28409,8659,34779,1.737408918,#DIV/0!
2000,71,5,California,56.6,11142843,19685258,24867252,18.8,163001,0,117647,280648,1.128584694,2.518639094
2000,62,6,Colorado,,,3026316,3246521,6.7,16833,0,5500,22333,0.687905607,#DIV/0!
2000,1,7,Connecticut,62.5,1474103,2357687,2575243,6.6,18355,47636,1868,44041,1.71016871,2.987647403
2000,11,8,Delaware,,,554863,594256,3.9,6921,20052,579,17526,2.949234,#DIV/0!
2000,55,9,District of Columbia,,,416696,458301,10.2,7456,0,0,7456,1.626878405,#DIV/0!
2000,43,10,Florida,57.5,6138765,10667193,12475387,10.4,71319,296139,5982,225371,1.80652512,3.6712759
2000,44,11,Georgia,47.6,2684951,5639668,6087332,5.9,44232,321407,21556,226492,3.720710485,8.435610184
2000,82,12,Hawaii,44.6,371113,832642,923737,8.1,5053,0,0,5053,0.54701717,1.361579896
2000,63,13,Idaho,58.9,516647,877406,935443,3.8,5535,35103,1409,24496,2.618652339,4.741341767
2000,21,14,Illinois,58.5,4932192,8432600,9208908,8.7,45281,0,0,45281,0.49170868,0.918070505
2000,22,15,Indiana,50.8,2246348,4424909,4527523,2.3,20125,0,0,20125,0.44450354,0.895898587
2000,31,16,Iowa,,,2082950,2199529,2.4,7955,21147,2763,21292,0.968025427,#DIV/0!
2000,32,17,Kansas,56.7,1092716,1927950,1983933,3.9,8344,0,3829,12173,0.613579188,1.114013156
2000,51,18,Kentucky,53.1,1568058,2955628,3059582,1.5,14919,19620,4614,29343,0.959052576,1.871295577
2000,45,19,Louisiana,56.7,1776133,3130267,3260060,1.6,35207,35854,22860,75994,2.331061392,4.278621027
2000,2,20,Maine,,,969292,979314,1.5,0,0,0,0,0,#DIV/0!
2000,52,21,Maryland,55.8,2036455,3649631,3972224,6.4,23538,81523,13666,77966,1.962779541,3.82851573
2000,3,22,Massachusetts,60.6,2736006,4517052,4870470,8,0,0,0,0,0,0
2000,23,23,Michigan,60.5,4279299,7070702,7370524,3.3,47718,0,0,47718,0.647416656,1.115089177
2000,33,24,Minnesota,70.1,2458303,3506432,3662005,3.7,6238,115906,3072,67263,1.836780671,2.736155795
2000,46,25,Mississippi,,,2024650,2076861,1,20241,15118,1596,29396,1.415405268,#DIV/0!
2000,34,26,Missouri,,,4052255,4190073,1.8,27382,53299,12563,66595,1.589351785,#DIV/0!
2000,64,27,Montana,62.6,417916,667525,676065,0.9,3105,0,0,3105,0.459275366,0.742972272
2000,35,28,Nebraska,57.8,707223,1224178,1266496,3.4,3895,21483,476,15113,1.193292359,2.136949732
2000,65,29,Nevada,45.6,613360,1346116,1523209,11.8,10063,12189,4056,20214,1.327066739,3.295617582
2000,4,30,New Hampshire,65,578656,890622,934176,2.7,2257,0,0,2257,0.241603295,0.390041752
2000,12,31,New Jersey,58.8,3293378,5601788,6356954,11,29784,130610,11709,106798,1.680018449,3.24281027
2000,66,32,New Mexico,49.9,615607,1234088,1318129,6.4,5342,10461,1670,12243,0.928816527,1.988768809
2000,13,33,New York,56.2,6960215,12380208,14344348,12.7,70198,0,57858,128056,0.892727923,1.839828224
2000,47,34,North Carolina,52.5,3015964,5744241,6143214,4.6,31532,105949,3352,87859,1.430179707,2.913131589
2000,36,35,North Dakota,61.1,292249,477968,482078,1.2,1076,0,0,1076,0.223200395,0.36817919
2000,24,36,Ohio,57.8,4795989,8295592,8487355,1.8,45833,0,0,45833,0.540015117,0.955652734
2000,53,37,Oklahoma,,,2475220,2568304,2.9,23181,30969,1825,40491,1.576565703,#DIV/0!
2000,72,38,Oregon,65.9,1559215,2364402,2595354,6.4,10580,0,0,10580,0.407651519,0.678546576
2000,14,39,Pennsylvania,,,9086897,9375146,2.4,36847,0,0,36847,0.393028546,#DIV/0!
2000,5,40,Rhode Island,54.7,412074,753877,804417,6.9,3286,20922,331,14078,1.75008733,3.41637667
2000,48,41,South Carolina,48.7,1433533,2944326,3025380,2.2,21778,44632,4378,48472,1.6021789,3.381296419
2000,37,42,South Dakota,58.7,322159,548498,554875,1.2,2616,0,0,2616,0.471457535,0.812021393
2000,54,43,Tennessee,50.5,2100241,4162996,4316391,2.2,22166,40682,8093,50600,1.172275635,2.40924732
2000,49,44,Texas,49.2,6407637,13033081,15138468,11.4,166719,441848,111719,499362,3.29862969,7.793231733
2000,67,45,Utah,54.8,784582,1431668,1534950,6.1,5632,0,0,5632,0.366917489,0.717834465
2000,6,46,Vermont,64.7,297146,459174,463503,2,0,0,0,0,0,0
2000,40,47,Virginia,55,2789808,5069265,5389008,5.6,30168,33955,5148,52294,0.970382675,1.874465913
2000,73,48,Washington,61.4,2517028,4098044,4419907,6.9,14915,154466,160,92308,2.088460232,3.667341007
2000,56,49,West Virginia,,,1390365,1405021,0.6,3856,6216,1112,8076,0.574795679,#DIV/0!
2000,25,50,Wisconsin,,,3842044,4016401,2.4,20612,53242,9923,57156,1.423065077,#DIV/0!
2000,68,51,Wyoming,61.4,221685,361078,366639,1.5,1680,4115,514,4252,1.15972387,1.918036854
1998,0,0,United States,39.3,74825832,190419570,205313182,7.3,1285469,2236975,515924,2919881,1.422159538,3.902236597
1998,41,1,Alabama,,,3202052,3293917,1.3,22676,40379,5221,48087,1.45987285,#DIV/0!
1998,81,2,Alaska,55.6,227156,408758,429317,3.2,4097,4274,478,6712,1.563413515,2.954797584
1998,61,3,Arizona,32.1,1037550,3232815,3628841,9.4,25311,51329,3742,54718,1.507864357,5.273769939
1998,42,4,Arkansas,,,1882181,1951741,1.9,10638,28698,6979,31966,1.637819772,#DIV/0!
1998,71,5,California,44.7,8617649,19264556,23980067,18.5,161904,0,108424,270328,1.127302939,3.136911239
1998,62,6,Colorado,,,2879973,3085075,6,14312,0,5204,19516,0.632594021,#DIV/0!
1998,1,7,Connecticut,43.7,1022453,2340956,2544417,6.2,17605,55000,1396,46501,1.827569931,4.547984113
1998,11,8,Delaware,,,540896,576849,3.4,5558,20030,572,16145,2.798826036,#DIV/0!
1998,55,9,District of Columbia,34.5,137523,398318,452668,9.8,9829,0,0,9829,2.171348538,7.14716811
1998,43,10,Florida,38.4,4070262,10590870,12001902,10,67224,283965,6487,215694,1.797165149,5.299265748
1998,44,11,Georgia,34.6,1842145,5326337,5828114,5.2,39262,278669,20482,199079,3.415839155,10.80691259
1998,82,12,Hawaii,49.6,412520,832172,910645,8.1,4924,0,0,4924,0.540715647,1.193639096
1998,63,13,Idaho,45.8,386720,843914,896422,3.5,4083,31172,1309,20978,2.340192454,5.424596607
1998,21,14,Illinois,42.7,3541379,8285614,9070725,8.2,43051,0,0,43051,0.474614763,1.215656387
1998,22,15,Indiana,37.2,1618689,4348730,4457578,2,19197,0,0,19197,0.430659879,1.185959749
1998,31,16,Iowa,46.1,973032,2112132,2176940,2.1,7394,18447,2194,18812,0.864148759,1.933338266
1998,32,17,Kansas,39.7,743288,1873438,1955236,3.5,8183,0,6025,14208,0.726664198,1.911506711
1998,51,18,Kentucky,41.5,1215053,2930780,2999287,1.3,14987,17594,4508,28292,0.943290855,2.3284581
1998,45,19,Louisiana,32,990243,3097660,3216121,1.6,32228,33028,18759,67501,2.098832724,6.81660966
1998,2,20,Maine,,,943577,957916,1.5,0,0,0,0,0,#DIV/0!
1998,52,21,Maryland,43.6,1556994,3571087,3879108,6,22572,78051,15528,77126,1.988240596,4.95351941
1998,3,22,Massachusetts,43.7,1935277,4430939,4793966,7.6,0,0,0,0,0,0
1998,23,23,Michigan,44.9,3143432,7005306,7276123,3.1,45879,0,0,45879,0.630541842,1.459519404
1998,33,24,Minnesota,62.3,2105343,3378089,3555108,3.3,5572,100818,2995,58976,1.658908815,2.801253762
1998,46,25,Mississippi,,,1995283,2038324,0.9,16678,11530,1489,23932,1.17410186,#DIV/0!
1998,34,26,Missouri,,,3978146,4106478,1.7,24974,49992,10366,60336,1.469288281,#DIV/0!
1998,64,27,Montana,51.8,338733,653998,662582,0.9,2734,0,0,2734,0.412628173,0.807125376
1998,35,28,Nebraska,48.6,581775,1197953,1247656,3,3676,16527,624,12564,1.007008342,2.159597783
1998,65,29,Nevada,35.7,440042,1233386,1402851,10.7,9651,12561,4055,19987,1.424741473,4.542066439
1998,4,30,New Hampshire,37.6,330555,878508,903630,2.5,2169,0,0,2169,0.240031871,0.65616917
1998,12,31,New Jersey,34.4,1894496,5505229,6261197,10.3,31121,129377,13218,109028,1.741328375,5.754987078
1998,66,32,New Mexico,43.1,517355,1199320,1286104,5.8,4985,10397,1773,11957,0.929707084,2.311178978
1998,13,33,New York,40.7,4989877,12263356,14139223,12.4,70001,0,59548,129549,0.916238467,2.59623634
1998,47,34,North Carolina,,,5624292,5948653,3.9,31961,105227,5806,90381,1.519352364,#DIV/0!
1998,36,35,North Dakota,45.7,217584,475629,481790,1.1,915,0,0,915,0.189916769,0.420527245
1998,24,36,Ohio,42.9,3534782,8237516,8424249,1.6,48450,0,0,48450,0.57512545,1.370664443
1998,53,37,Oklahoma,,,2415036,2518285,2.6,20892,29093,1532,36971,1.4681023,#DIV/0!
1998,72,38,Oregon,49,1160400,2370381,2526500,5.8,8927,0,0,8927,0.353334653,0.769303688
1998,14,39,Pennsylvania,,,9075961,9314795,2.2,36377,0,0,36377,0.39052926,#DIV/0!
1998,5,40,Rhode Island,42.8,309835,723772,790726,6.6,3445,21049,432,14402,1.821364164,4.648280536
1998,48,41,South Carolina,38.7,1092430,2825173,2931120,1.9,21764,46482,4404,49409,1.685669642,4.522852723
1998,37,42,South Dakota,49.8,266355,534711,543074,1.1,2422,0,0,2422,0.445979738,0.909312759
1998,54,43,Tennessee,25.1,1026017,4092745,4217608,1.9,17738,38924,7605,44805,1.062332014,4.366886709
1998,49,44,Texas,,,12490423,14504988,10.6,144510,443688,109820,476174,3.282829327,#DIV/0!
1998,67,45,Utah,36.7,506553,1381989,1467078,5.5,4453,0,0,4453,0.30352851,0.879078793
1998,6,46,Vermont,50.4,224382,444772,453574,1.9,0,0,0,0,0,0
1998,40,47,Virginia,,,4900523,5222121,5.2,30276,30576,6700,52264,1.000819399,#DIV/0!
1998,73,48,Washington,49.3,1939421,3930400,4294765,6.4,14161,152140,375,90606,2.109684698,4.671806689
1998,56,49,West Virginia,29.2,405139,1388176,1403549,0.5,3478,6511,975,7709,0.549250507,1.902803729
1998,25,50,Wisconsin,,,3801514,3945060,2.2,18613,54232,9282,55011,1.394427461,#DIV/0!
1998,68,51,Wyoming,51,178401,350136,359119,1.4,1571,3825,448,3932,1.09490169,2.20402352
1996,0,0,United States,,,186347044,200015917,6.8,1162253,1865990,491165,2586413,1.293103588,#DIV/0!
1996,41,1,Alabama,,,3144249,3227688,1.2,21760,37865,4966,45659,1.41460389,#DIV/0!
1996,81,2,Alaska,60.7,245212,404180,423702,3.1,3716,3999,642,6358,1.500582957,2.592858425
1996,61,3,Arizona,46.5,1431342,3079908,3414380,8.4,22493,40607,3785,46582,1.364288685,3.254428362
1996,42,4,Arkansas,,,1844689,1903094,1.6,9407,25178,5459,27455,1.442650757,#DIV/0!
1996,71,5,California,55,10263490,18644593,23076427,18.1,146049,0,99578,245627,1.064406548,2.393211276
1996,62,6,Colorado,,,2770252,2939929,5.2,12483,0,3294,15777,0.536645613,#DIV/0!
1996,1,7,Connecticut,60.4,1410746,2337160,2528212,5.8,15007,55978,1083,44079,1.743485119,3.124517099
1996,11,8,Delaware,52.5,277418,528630,559598,3,5110,16528,591,13965,2.495541442,5.033919933
1996,55,9,District of Columbia,47.4,189210,398839,450182,9.3,9376,0,0,9376,2.082713214,4.955340627
1996,43,10,Florida,53.3,5444245,10219294,11509122,9.5,63763,237117,9243,191565,1.664462328,3.518669715
1996,44,11,Georgia,45.8,2374650,5181708,5555577,4.4,35139,143457,21146,128014,2.304243106,5.3908576
1996,82,12,Hawaii,45.1,370230,820055,895753,8,4011,0,0,4011,0.447779689,1.083380601
1996,63,13,Idaho,61.6,508030,825329,856420,3.2,3832,0,0,3832,0.447444011,0.754286164
1996,21,14,Illinois,53.8,4418270,8215662,8927254,7.5,38852,0,0,38852,0.435206616,0.879348704
1996,22,15,Indiana,51,2195224,4302745,4397367,1.8,16960,0,0,16960,0.385685343,0.772586306
1996,31,16,Iowa,59.7,1251983,2098332,2154320,1.8,6342,15386,2200,16235,0.753602065,1.296742847
1996,32,17,Kansas,57.8,1073520,1856507,1922601,3,7756,0,0,7756,0.403411836,0.722483046
1996,51,18,Kentucky,49.3,1419592,2880808,2938362,1.2,12910,11689,4621,23376,0.795545273,1.646670311
1996,45,19,Louisiana,58.4,1804640,3087693,3163302,1.5,26776,0,0,26776,0.846457278,1.483730827
1996,2,20,Maine,,,929970,944106,1.5,0,0,0,0,0,#DIV/0!
1996,52,21,Maryland,50.8,1793991,3530148,3817454,5.6,22050,70553,16246,73573,1.927279281,4.10107966
1996,3,22,Massachusetts,59.3,2600278,4385268,4723380,7.2,0,0,0,0,0,0
1996,23,23,Michigan,56.3,3912261,6954059,7201527,2.8,42349,0,0,42349,0.588055839,1.08246868
1996,33,24,Minnesota,66.6,2211161,3319509,3473117,2.9,5158,90202,2377,52636,1.515526255,2.380468903
1996,46,25,Mississippi,,,1949309,1986327,0.8,13859,10376,1326,20373,1.025661938,#DIV/0!
1996,34,26,Missouri,,,3919885,4035666,1.5,22003,42386,13087,56283,1.394639695,#DIV/0!
1996,64,27,Montana,64.7,417232,645052,652991,0.9,2293,0,0,2293,0.351153385,0.549574338
1996,35,28,Nebraska,57.8,686749,1188034,1230047,2.5,3287,14363,688,11157,0.907038512,1.62461103
1996,65,29,Nevada,41.2,467657,1134065,1271617,9.5,8439,9760,3216,16535,1.300312909,3.535711002
1996,4,30,New Hampshire,60.1,513700,855287,878569,2.4,2062,0,0,2062,0.234699836,0.401401596
1996,12,31,New Jersey,56.9,3105110,5456334,6152216,9.6,27490,125881,14545,104976,1.706312002,3.380749796
1996,66,32,New Mexico,49.5,579763,1172262,1249597,5.3,4724,8903,1426,10602,0.848433535,1.82867827
1996,13,33,New York,52.9,6439129,12175850,13942462,11.8,69709,0,57137,126846,0.909781931,1.969924814
1996,47,34,North Carolina,,,5435970,5717844,3.3,30647,102483,12358,94247,1.648296106,#DIV/0!
1996,36,35,North Dakota,57.1,271850,475898,481497,1,722,0,0,722,0.149949013,0.26558764
1996,24,36,Ohio,56.7,4638108,8185999,8366250,1.5,46174,0,6331,52505,0.627581055,1.132034873
1996,53,37,Oklahoma,51.4,1218248,2368311,2461718,2.3,19593,28090,2159,35797,1.454147063,2.938400063
1996,72,38,Oregon,60.6,1399180,2309051,2445442,5.2,8661,0,0,8661,0.354169103,0.619005417
1996,14,39,Pennsylvania,,,9063470,9283893,2,34537,0,0,34537,0.372009889,#DIV/0!
1996,5,40,Rhode Island,,,717041,781307,6.4,3271,20446,573,14067,1.80044464,#DIV/0!
1996,48,41,South Carolina,44.1,1203486,2731064,2825088,1.7,20446,42417,5036,46691,1.652727278,3.879646294
1996,37,42,South Dakota,62.2,329316,529793,537038,1,2063,0,0,2063,0.384144139,0.626449975
1996,54,43,Tennessee,,,3984092,4094014,1.6,15626,37002,8934,43061,1.051803926,#DIV/0!
1996,49,44,Texas,,,12072149,13887542,9.8,132383,429329,112594,459642,3.309743366,#DIV/0!
1996,67,45,Utah,52.1,691016,1326919,1394017,4.8,0,0,0,0,0,0
1996,6,46,Vermont,60,261469,435687,443874,1.8,0,0,0,0,0,0
1996,40,47,Virginia,51.3,2468229,4811632,5106297,4.7,27655,29620,9918,52383,1.025851023,2.122290922
1996,73,48,Washington,59.9,2293895,3829308,4147127,5.8,12527,125780,560,75977,1.832039385,3.312139396
1996,56,49,West Virginia,47.1,653331,1386621,1400343,0.5,2749,5669,869,6453,0.460815672,0.987707609
1996,25,50,Wisconsin,,,3763240,3886906,2,12991,47292,8222,44859,1.154105605,#DIV/0!
1996,68,51,Wyoming,62.5,215844,345112,353354,1.3,1499,3432,364,3579,1.012865285,1.658141991
1994,0,0,United States,0,,182623348,195258350,6.4,1037855,1778797,513686,2440940,1.25010787,#DIV/0!
1994,41,1,Alabama,,,3095745,3170782,1,19573,32284,7235,42950,1.354555438,#DIV/0!
1994,81,2,Alaska,54.2,216668,399435,417053,3,3292,2899,412,5154,1.235814153,2.378754592
1994,61,3,Arizona,39.9,1153724,2892171,3169857,7.5,19746,34365,4351,41280,1.302266948,3.577978789
1994,42,4,Arkansas,,,1801161,1849361,1.3,8643,19606,5224,23670,1.279901544,#DIV/0!
1994,71,5,California,48.2,8900593,18479124,22721586,17.7,125605,0,85082,210687,0.927254814,2.367111944
1994,62,6,Colorado,44.3,1173130,2648684,2785952,4.5,10717,0,2463,13180,0.473087835,1.12349015
1994,1,7,Connecticut,49.8,1163829,2335579,2515100,5.5,14380,53453,1146,42253,1.679972963,3.630516167
1994,11,8,Delaware,39.3,201560,512941,540474,2.6,4466,15507,1029,13249,2.451366763,6.573228815
1994,55,9,District of Columbia,45.2,186316,411886,463680,8.8,10949,0,0,10949,2.361326777,5.876575281
1994,43,10,Florida,43.9,4305340,9810247,11016840,9.1,57168,247014,20573,201248,1.826730714,4.674381117
1994,44,11,Georgia,,,4978431,5293282,3.7,33425,140694,17505,121277,2.291149423,#DIV/0!
1994,82,12,Hawaii,46.6,377011,808904,882189,7.9,3333,0,0,3333,0.377810197,0.884059086
1994,63,13,Idaho,53.5,419330,784076,809957,2.8,2811,0,0,2811,0.347055461,0.67035509
1994,21,14,Illinois,39.4,3219122,8175312,8819582,6.9,36531,0,0,36531,0.414203304,1.134812536
1994,22,15,Indiana,38,1609481,4235008,4315664,1.5,15014,0,0,15014,0.34789548,0.932847297
1994,31,16,Iowa,49.2,1022372,2077709,2128370,1.6,5437,15902,3696,17084,0.802679985,1.671016029
1994,32,17,Kansas,45.5,836251,1837694,1893521,2.6,6371,0,0,6371,0.336463129,0.761852602
1994,51,18,Kentucky,29.2,827541,2829881,2879413,1,11066,11417,4380,21155,0.734698357,2.556368808
1994,45,19,Louisiana,29.4,893758,3038660,3109456,1.5,24063,0,0,24063,0.773865268,2.692339537
1994,2,20,Maine,,,918204,932164,1.5,0,0,0,0,0,#DIV/0!
1994,52,21,Maryland,41.3,1437450,3480270,3751305,5.2,20998,76940,14795,74263,1.979657746,5.166301437
1994,3,22,Massachusetts,51.3,2232186,4353287,4668100,6.7,0,0,0,0,0,0
1994,23,23,Michigan,46.3,3177740,6856388,7081498,2.6,40631,0,0,40631,0.573762783,1.278613102
1994,33,24,Minnesota,55.2,1794618,3253779,3385687,2.5,4575,81972,1904,47465,1.401931129,2.644852554
1994,46,25,Mississippi,32.6,621096,1903794,1935054,0.7,10930,9042,1519,16970,0.87697811,2.732266832
1994,34,26,Missouri,,,3858946,3958762,1.3,17898,36295,12592,48638,1.228616421,#DIV/0!
1994,64,27,Montana,57.8,359455,622246,629335,0.8,1764,0,0,1764,0.280295868,0.49074293
1994,35,28,Nebraska,51,593654,1164502,1201826,2,2711,18639,771,12802,1.065212435,2.156474984
1994,65,29,Nevada,37.4,386582,1032456,1143487,8.4,6993,9410,3529,15227,1.331628606,3.93887972
1994,4,30,New Hampshire,38.5,319443,829590,851104,2.3,2021,0,0,2021,0.237456292,0.63266373
1994,12,31,New Jersey,39.5,2131328,5392423,6059401,8.9,24632,125299,41802,129084,2.13030958,6.056505615
1994,66,32,New Mexico,43.1,485709,1128243,1195183,4.9,3712,8063,1078,8822,0.738129642,1.816313883
1994,13,33,New York,43.7,5325323,12192316,13861352,11.2,66750,0,53832,120582,0.869915142,2.264313357
1994,47,34,North Carolina,,,5244552,5477604,2.6,23648,90418,20159,89016,1.625090094,#DIV/0!
1994,36,35,North Dakota,51.3,240430,468989,473993,0.9,563,0,0,563,0.118778125,0.23416379
1994,24,36,Ohio,43.5,3540954,8132122,8292312,1.4,43074,0,0,43074,0.519444999,1.216451838
1994,53,37,Oklahoma,43.1,1002363,2327519,2410272,2,16631,28285,2604,33378,1.384822958,3.329931372
1994,72,38,Oregon,56.3,1254265,2229242,2344505,4.6,6936,0,0,6936,0.2958407,0.552993187
1994,14,39,Pennsylvania,,,9043585,9241090,1.8,28302,0,0,28302,0.306262573,#DIV/0!
1994,5,40,Rhode Island,,,716002,776723,6.2,2919,18179,525,12534,1.613702697,#DIV/0!
1994,48,41,South Carolina,35.7,951901,2663830,2747987,1.4,18999,40005,6077,45079,1.640437164,4.735681547
1994,37,42,South Dakota,61.3,318090,518815,524910,0.8,1708,0,0,1708,0.325389114,0.53695495
1994,54,43,Tennessee,,,3850228,3945407,1.4,14401,34896,9353,41202,1.044302907,#DIV/0!
1994,49,44,Texas,,,11719888,13334014,8.9,118195,396276,108563,424896,3.186557326,#DIV/0!
1994,67,45,Utah,42.7,532737,1248726,1302522,4.1,0,0,0,0,0,0
1994,6,46,Vermont,50.8,216715,426953,434549,1.7,0,0,0,0,0,0
1994,40,47,Virginia,,,4718968,4983515,4.3,26968,24089,9649,48662,0.976459387,#DIV/0!
1994,73,48,Washington,46.7,1733471,3715174,3994036,5.3,10833,110279,1650,67623,1.693099411,3.901017092
1994,56,49,West Virginia,31.9,439551,1379339,1392499,0.5,1930,5992,1380,6306,0.452854903,1.434645809
1994,25,50,Wisconsin,,,3692668,3801543,1.8,10022,45901,7065,40038,1.053203923,#DIV/0!
1994,68,51,Wyoming,60.5,204025,337032,344492,1.2,1217,3367,313,3214,0.932967964,1.575297145
1992,0,0,United States,0,,179655523,190777923,6,866945,1648767,491856,2183185,1.14435935,#DIV/0!
1992,41,1,Alabama,,,3030549,3096959,0.9,17453,31188,6934,39981,1.290976083,#DIV/0!
1992,81,2,Alaska,67.1,261427,389898,406653,2.9,2865,3014,710,5082,1.24971413,1.943946111
1992,61,3,Arizona,56.7,1516276,2671933,2897181,6.5,16477,34647,3588,37389,1.290530347,2.465843949
1992,42,4,Arkansas,,,1751083,1789420,1,8285,16448,3460,19969,1.115948184,#DIV/0!
1992,71,5,California,61.6,11374565,18460157,22573381,17.3,109496,0,87725,197221,0.87368835,1.733877296
1992,62,6,Colorado,64,1597166,2494998,2602217,3.7,8997,0,2634,11631,0.44696503,0.728227373
1992,1,7,Connecticut,69.8,1645609,2356937,2521774,5.1,11403,48567,483,36170,1.434307753,2.197970478
1992,11,8,Delaware,58.3,290836,499266,523661,2.2,4062,14887,1120,12626,2.411101839,4.341278246
1992,55,9,District of Columbia,54.2,231445,427102,477564,8.3,10845,0,0,10845,2.270899817,4.685778479
1992,43,10,Florida,57.2,5438612,9506230,10591116,8.7,48302,200471,14021,162559,1.53486186,2.988979541
1992,44,11,Georgia,,,4766958,5037354,2.9,25290,153154,23020,124887,2.479218256,#DIV/0!
1992,82,12,Hawaii,48.2,382882,795148,866114,7.9,2926,0,0,2926,0.337830817,0.764204115
1992,63,13,Idaho,66.9,491725,734855,756119,2.5,2256,0,0,2256,0.298365733,0.458793025
1992,21,14,Illinois,63.6,5164357,8113900,8688184,6.2,31640,0,0,31640,0.364172766,0.612660976
1992,22,15,Indiana,56.4,2347912,4162678,4230602,1.3,13945,0,0,13945,0.32962212,0.59393197
1992,31,16,Iowa,66.1,1360856,2057690,2098809,1.3,4518,14084,2065,13625,0.6491777,1.001208063
1992,32,17,Kansas,64.1,1161044,1810750,1857444,2.2,6028,0,0,6028,0.324531991,0.519187903
1992,51,18,Kentucky,,,2772600,2814763,0.8,10364,10750,3684,19423,0.690040334,#DIV/0!
1992,45,19,Louisiana,60,1799596,2997301,3063068,1.5,20980,0,0,20980,0.68493419,1.165817217
1992,2,20,Maine,,,915082,928998,1.5,0,0,0,0,0,#DIV/0!
1992,52,21,Maryland,58.1,1999486,3440015,3695298,4.9,19977,82948,13058,74509,2.016319117,3.726407687
1992,3,22,Massachusetts,64.9,2822962,4346897,4640629,6.3,0,0,0,0,0,0
1992,23,23,Michigan,64,4341909,6786593,6990822,2.4,39113,0,0,39113,0.559490715,0.90082496
1992,33,24,Minnesota,73.9,2355796,3187255,3298080,2.1,3822,72938,1901,42192,1.279289769,1.790986995
1992,46,25,Mississippi,54.3,1008019,1854797,1882100,0.6,8905,8031,2357,15278,0.811752829,1.515646034
1992,34,26,Missouri,,,3792675,3880005,1.1,16195,32692,11671,44212,1.139483068,#DIV/0!
1992,64,27,Montana,70.4,417564,593345,599859,0.8,1548,0,0,1548,0.258060644,0.370721614
1992,35,28,Nebraska,64.8,744548,1149525,1178965,1.6,2514,15386,697,10904,0.924879025,1.464512698
1992,65,29,Nevada,54.6,513387,940066,1028056,7.2,6049,8533,3246,13562,1.319188838,2.641671877
1992,4,30,New Hampshire,67,545197,814160,833997,2.2,1777,0,0,1777,0.213070311,0.32593723
1992,12,31,New Jersey,62,3348312,5398559,6000364,8.1,22653,108093,36120,112820,1.880219267,3.369458999
1992,66,32,New Mexico,55,590901,1073421,1131081,4.4,3271,6921,1331,8063,0.712857877,1.364526376
1992,13,33,New York,57.8,7068630,12227775,13799670,10.6,61736,0,50004,111740,0.809729508,1.580787225
1992,47,34,North Carolina,,,5077494,5259564,2,20454,86371,14415,78055,1.484058374,#DIV/0!
1992,36,35,North Dakota,68.1,315199,462631,467130,0.9,477,0,0,477,0.102112902,0.151332967
1992,24,36,Ohio,62.5,5043094,8063595,8208502,1.3,38378,0,0,38378,0.467539631,0.761001084
1992,53,37,Oklahoma,63.5,1455635,2293931,2366029,1.8,14821,25902,2758,30530,1.290347667,2.097366441
1992,72,38,Oregon,69.9,1498959,2144867,2241507,4,6583,0,0,6583,0.293686346,0.439171452
1992,14,39,Pennsylvania,,,9010940,9188416,1.7,24974,0,0,24974,0.271798752,#DIV/0!
1992,5,40,Rhode Island,,,721593,779266,6,2775,15585,483,11051,1.418129368,#DIV/0!
1992,48,41,South Carolina,47.3,1234712,2610725,2683852,1.2,18643,35587,5325,41762,1.556047055,3.382327215
1992,37,42,South Dakota,,,503759,508841,0.7,1487,0,0,1487,0.292232741,#DIV/0!
1992,54,43,Tennessee,,,3726024,3811036,1.1,11849,38614,11819,42975,1.127646131,#DIV/0!
1992,49,44,Texas,,,11356487,12747860,8.1,60467,360702,121141,361959,2.839370687,#DIV/0!
1992,67,45,Utah,67.5,784988,1162363,1203861,3.4,0,0,0,0,0,0
1992,6,46,Vermont,69.7,292797,419810,426860,1.7,0,0,0,0,0,0
1992,40,47,Virginia,,,4622125,4856799,3.9,21199,23510,11372,44326,0.912658729,#DIV/0!
1992,73,48,Washington,65,2324907,3575852,3827227,4.7,9959,103837,7850,69728,1.821893501,2.99917373
1992,56,49,West Virginia,,,1365368,1377282,0.5,1674,5688,988,5506,0.399772886,#DIV/0!
1992,25,50,Wisconsin,,,3619273,3712414,1.6,8191,40424,5560,33963,0.914849475,#DIV/0!
1992,68,51,Wyoming,62.8,203602,324253,331170,1.1,1063,3310,404,3122,0.942718241,1.533383759
1990,0,0,United States,0,,176629259,186158841,5.5,761106,1489999,395140,1901246,1.021303092,#DIV/0!
1990,41,1,Alabama,,,2956385,3012797,0.7,15665,27686,5970,35478,1.17757685,#DIV/0!
1990,81,2,Alaska,54.2,197540,364419,379863,2.8,2622,3599,568,4990,1.313631493,2.526070669
1990,61,3,Arizona,43.4,1094735,2523614,2705468,5.5,14861,30397,2711,32771,1.211287659,2.993509845
1990,42,4,Arkansas,,,1710799,1742746,0.7,7322,15983,3971,19285,1.106586961,#DIV/0!
1990,71,5,California,43.5,7899131,18156500,22061053,17,97309,0,67562,164871,0.747339667,2.087204276
1990,62,6,Colorado,44.2,1046139,2366650,2447513,2.9,7671,0,2396,10067,0.411315486,0.962300421
1990,1,7,Connecticut,48.6,1159361,2383795,2538398,4.7,10500,46640,291,34111,1.343800302,2.942224208
1990,11,8,Delaware,37.8,183977,486760,507016,1.9,3471,12223,1283,10866,2.143127633,5.906173054
1990,55,9,District of Columbia,38.9,171677,441742,489808,7.8,9947,0,0,9947,2.03079574,5.794020166
1990,43,10,Florida,,,9145312,10137720,8.3,44387,210781,2064,151842,1.497792403,#DIV/0!
1990,44,11,Georgia,,,4588953,4803269,2.1,22411,134840,22646,112477,2.341676054,#DIV/0!
1990,82,12,Hawaii,45.9,354144,770836,838633,7.8,2533,0,0,2533,0.302039152,0.715245776
1990,63,13,Idaho,47.6,328340,690154,707535,2.2,1961,0,0,1961,0.277159434,0.597246756
1990,21,14,Illinois,42.6,3420720,8029525,8535069,5.6,27516,0,0,27516,0.322387552,0.804392058
1990,22,15,Indiana,38.4,1566371,4080236,4135602,1,12736,0,0,12736,0.307960002,0.813089619
1990,31,16,Iowa,49.5,1004908,2030935,2065490,1,3967,13895,2111,13026,0.630649386,1.296238064
1990,32,17,Kansas,45.2,805251,1783412,1821368,1.8,5775,0,0,5775,0.317069368,0.717167691
1990,51,18,Kentucky,,,2722356,2755670,0.6,9023,7482,3183,15947,0.57869774,#DIV/0!
1990,45,19,Louisiana,,,2959148,3020682,1.4,18599,0,0,18599,0.61572188,#DIV/0!
1990,2,20,Maine,,,910982,924839,1.5,0,0,0,0,0,#DIV/0!
1990,52,21,Maryland,34.5,1170867,3397126,3632477,4.5,17848,82898,11192,70489,1.940521578,6.020239703
1990,3,22,Massachusetts,55.3,2424579,4384671,4660342,5.9,0,0,0,0,0,0
1990,23,23,Michigan,39.5,2641649,6693069,6872954,2.1,34267,0,0,34267,0.498577468,1.297182177
1990,33,24,Minnesota,58.8,1843104,3136830,3225335,1.7,3176,59323,1873,34711,1.076198286,1.883290362
1990,46,25,Mississippi,,,1824156,1850099,0.5,8375,8221,3478,15964,0.862872744,#DIV/0!
1990,34,26,Missouri,,,3740308,3821136,0.9,14943,42322,9196,45300,1.185511324,#DIV/0!
1990,64,27,Montana,57,326652,573045,579158,0.8,1425,0,0,1425,0.246046847,0.436244076
1990,35,28,Nebraska,53.4,604195,1131746,1154859,1.1,2403,14654,632,10362,0.897252392,1.715009227
1990,65,29,Nevada,38,325959,858018,926572,6.1,5322,7700,2850,12022,1.297470677,3.688193914
1990,4,30,New Hampshire,37.8,307700,814549,832887,2,1342,0,0,1342,0.161126299,0.436139097
1990,12,31,New Jersey,36.8,1998894,5429251,5951541,7.4,21128,72341,23298,80597,1.354220697,4.03207974
1990,66,32,New Mexico,41.8,429509,1026902,1076522,3.9,3187,6294,1224,7558,0.702075759,1.759683732
1990,13,33,New York,35,4290261,12271903,13742688,10,54895,0,42837,97732,0.711156362,2.277996607
1990,47,34,North Carolina,,,4938968,5073437,1.3,18411,77829,9883,67209,1.32472326,#DIV/0!
1990,36,35,North Dakota,52,240301,461711,465851,0.8,483,0,0,483,0.10368122,0.200997915
1990,24,36,Ohio,45.4,3620469,7975680,8103382,1.2,31822,0,0,31822,0.392700233,0.878946899
1990,53,37,Oklahoma,41.3,929639,2251719,2313340,1.5,12285,24411,3236,27727,1.198570033,2.982555594
1990,72,38,Oregon,55.1,1133125,2057833,2137314,3.4,6492,0,0,6492,0.303745729,0.572928847
1990,14,39,Pennsylvania,,,8962083,9120122,1.5,22290,0,0,22290,0.244404625,#DIV/0!
1990,5,40,Rhode Island,51.7,375188,725084,780448,5.8,2392,15366,321,10396,1.332055435,2.770877533
1990,48,41,South Carolina,31.3,793614,2537384,2598170,0.9,17319,32287,3543,37006,1.424310188,4.662972175
1990,37,42,South Dakota,,,494849,499072,0.6,1341,0,0,1341,0.268698705,#DIV/0!
1990,54,43,Tennessee,,,3624940,3693970,0.8,10388,32719,11327,38075,1.030733872,#DIV/0!
1990,49,44,Texas,,,11034190,12232761,7.2,50042,308357,109726,313947,2.566444321,#DIV/0!
1990,67,45,Utah,42.2,457983,1086050,1116922,2.8,0,0,0,0,0,0
1990,6,46,Vermont,52.3,217384,415564,422130,1.6,0,0,0,0,0,0
1990,40,47,Virginia,,,4512504,4715129,3.5,17593,21303,9048,37293,0.790922157,#DIV/0!
1990,73,48,Washington,39.8,1362651,3421256,3634031,4.2,7995,84817,9615,60019,1.651581949,4.40457608
1990,56,49,West Virginia,,,1347723,1358773,0.4,1565,5059,1000,5095,0.374970654,#DIV/0!
1990,25,50,Wisconsin,,,3541548,3617625,1.4,7465,29370,4099,26249,0.725586538,#DIV/0!
1990,68,51,Wyoming,52.5,164309,312961,319255,1.1,1110,2980,313,2913,0.912436767,1.772879148
1988,0,0,United States,0,,173579281,181955484,5.1,616785,1319935,317223,1593976,0.876025259,#DIV/0!
1988,41,1,Alabama,,,2901744,2949934,0.6,12610,25301,4701,29962,1.015683741,#DIV/0!
1988,81,2,Alaska,57.3,203433,355023,369260,2.6,2588,2994,498,4583,1.24113091,2.25283017
1988,61,3,Arizona,49.1,1204169,2454254,2609995,5,12095,25446,1669,26487,1.01482953,2.199608195
1988,42,4,Arkansas,,,1689491,1717388,0.6,5519,15931,3840,17325,1.008799409,#DIV/0!
1988,71,5,California,57.5,10194539,17738700,21249801,15.9,76171,0,49364,125535,0.590758473,1.231394573
1988,62,6,Colorado,60.8,1416265,2327768,2396786,2.6,5765,0,1743,7508,0.313252831,0.530126777
1988,1,7,Connecticut,61.4,1461962,2379699,2525021,4.5,8005,46086,371,31419,1.244306483,2.149098267
1988,11,8,Delaware,54,254973,472441,489696,1.7,3197,9576,1093,9078,1.853803176,3.560376981
1988,55,9,District of Columbia,43.5,197135,453636,502362,7.2,8831,0,3949,12780,2.543982228,6.482867071
1988,43,10,Florida,,,8777510,9651236,7.8,34732,165475,2562,120032,1.243695626,#DIV/0!
1988,44,11,Georgia,,,4459739,4631342,1.7,18787,121559,11308,90875,1.962174247,#DIV/0!
1988,82,12,Hawaii,49.8,368567,739890,803568,7.6,2300,0,0,2300,0.286223443,0.624038506
1988,63,13,Idaho,63.1,421213,667345,682522,2,1581,0,0,1581,0.231640885,0.375344541
1988,21,14,Illinois,59.1,4697192,7950848,8410414,5.2,21081,0,0,21081,0.250653535,0.448800049
1988,22,15,Indiana,55.6,2222811,3996319,4045785,0.9,11406,0,0,11406,0.281923038,0.513134045
1988,31,16,Iowa,61.4,1240854,2021793,2052326,0.9,3034,13099,1945,11529,0.56175286,0.929118172
1988,32,17,Kansas,,,1774451,1808604,1.6,5817,0,0,5817,0.321629279,#DIV/0!
1988,51,18,Kentucky,,,2680364,2709782,0.6,7119,7398,3443,14261,0.526278498,#DIV/0!
1988,45,19,Louisiana,,,2941023,3005785,1.4,16242,0,7387,23629,0.786117437,#DIV/0!
1988,2,20,Maine,,,888612,901850,1.5,0,0,0,0,0,#DIV/0!
1988,52,21,Maryland,52.5,1747350,3325582,3535730,4.2,14276,78619,9225,62811,1.776464832,3.594643317
1988,3,22,Massachusetts,61.3,2689857,4385728,4642061,5.5,0,0,0,0,0,0
1988,23,23,Michigan,56.7,3745751,6608812,6773776,2,27612,0,0,27612,0.40763084,0.737155246
1988,33,24,Minnesota,68.8,2125119,3087194,3166668,1.5,2799,56901,1639,32889,1.038599563,1.54763098
1988,46,25,Mississippi,,,1792847,1815826,0.5,7384,6854,3177,13988,0.770338127,#DIV/0!
1988,34,26,Missouri,,,3696905,3769751,0.9,12176,42728,7207,40747,1.080893672,#DIV/0!
1988,64,27,Montana,66.7,378981,568014,573791,0.8,1272,0,0,1272,0.221683505,0.335636879
1988,35,28,Nebraska,60.3,678669,1125252,1144305,0.9,2156,11411,447,8309,0.7261176,1.224308168
1988,65,29,Nevada,46.1,354261,768131,823940,5.5,4881,7032,2100,10497,1.274000534,2.963069601
1988,4,30,New Hampshire,57.8,462503,800468,817358,1.9,1019,0,0,1019,0.124669973,0.220322895
1988,12,31,New Jersey,57.1,3102502,5435008,5904776,6.9,16936,57903,18463,64351,1.089812721,2.074164658
1988,66,32,New Mexico,53.4,535694,1002876,1046754,3.6,2825,5312,1230,6711,0.641124849,1.252767438
1988,13,33,New York,54,6636310,12300666,13659215,9.4,44560,0,33962,78522,0.574864661,1.183217782
1988,47,34,North Carolina,,,4794041,4903045,1.1,17078,67164,6191,56851,1.159503941,#DIV/0!
1988,36,35,North Dakota,66.2,309100,466684,470652,0.7,466,0,0,466,0.099011584,0.150760272
1988,24,36,Ohio,57.3,4505284,7869099,7986220,1.1,26462,0,0,26462,0.331345743,0.587354759
1988,53,37,Oklahoma,53.1,1192815,2245785,2300258,1.3,10448,23341,1455,23574,1.024841561,1.976333296
1988,72,38,Oregon,62.3,1235199,1982355,2055379,3.1,5991,0,3790,9781,0.475873306,0.791856211
1988,14,39,Pennsylvania,,,8892826,9037056,1.4,17900,0,0,17900,0.198073355,#DIV/0!
1988,5,40,Rhode Island,57.6,415963,721773,771407,5.5,1906,9824,442,7260,0.941137428,1.745347543
1988,48,41,South Carolina,42.5,1041846,2453644,2504635,0.8,13888,26260,3626,30644,1.223491646,2.941317623
1988,37,42,South Dakota,,,494034,497633,0.5,1020,0,0,1020,0.20497033,#DIV/0!
1988,54,43,Tennessee,,,3551452,3609081,0.7,7732,28282,9529,31402,0.870082993,#DIV/0!
1988,49,44,Texas,,,10833436,11877787,6.6,40437,288906,77827,262717,2.211834578,#DIV/0!
1988,67,45,Utah,63.4,661546,1043170,1069800,2.5,0,0,0,0,0,0
1988,6,46,Vermont,66.7,270148,404795,411136,1.5,0,0,0,0,0,0
1988,40,47,Virginia,,,4396900,4571637,3.2,14184,17945,6576,29733,0.650379722,#DIV/0!
1988,73,48,Washington,58.6,1923043,3282173,3465082,3.9,5816,64257,10745,48690,1.405161552,2.531924663
1988,56,49,West Virginia,,,1347692,1358249,0.4,1455,4811,807,4668,0.343677779,#DIV/0!
1988,25,50,Wisconsin,,,3489742,3558322,1.3,6353,26305,4128,23634,0.664189469,#DIV/0!
1988,68,51,Wyoming,59.2,186417,315073,320695,1,945,2186,333,2371,0.739331764,1.271879711
1986,0,0,United States,0,,170396029,177922330,4.7,535547,1177814,242663,1367117,0.768378539,#DIV/0!
1986,41,1,Alabama,,,2869652,2911819,0.6,11710,21371,3038,25434,0.873474622,#DIV/0!
1986,81,2,Alaska,51.9,182526,351841,364871,2.5,2460,2885,119,4022,1.102307391,2.20352169
1986,61,3,Arizona,38.4,889668,2319046,2452624,4.6,9434,20283,2034,21610,0.881097143,2.428995985
1986,42,4,Arkansas,,,1681564,1706578,0.6,4701,12700,4023,15074,0.883288077,#DIV/0!
1986,71,5,California,44.4,7617142,17166275,20222886,14.7,59484,0,33172,92656,0.458173972,1.21641424
1986,62,6,Colorado,47.5,1096867,2309652,2372880,2.4,3804,0,1827,5631,0.237306564,0.513371266
1986,1,7,Connecticut,43.7,1025605,2344327,2479722,4.3,6905,41304,603,28160,1.135611169,2.745696443
1986,11,8,Delaware,36.3,165563,455609,470828,1.6,2833,7985,978,7804,1.657505501,4.713613549
1986,55,9,District of Columbia,28.8,134158,465993,508553,6.5,6618,0,2980,9598,1.88731558,7.154250958
1986,43,10,Florida,,,8384015,9158241,7.3,32237,139859,3478,105645,1.153551211,#DIV/0!
1986,44,11,Georgia,,,4300049,4450093,1.5,16922,109485,10421,82086,1.844590664,#DIV/0!
1986,82,12,Hawaii,48.1,344416,715459,775534,7.5,2180,0,0,2180,0.281096638,0.632955496
1986,63,13,Idaho,59.3,392909,663126,677205,1.9,1448,0,0,1448,0.21382004,0.368533172
1986,21,14,Illinois,42,3322657,7912733,8343755,4.9,19456,0,0,19456,0.233180385,0.585555476
1986,22,15,Indiana,41.1,1619005,3943714,3990379,0.9,10175,0,0,10175,0.254988311,0.628472426
1986,31,16,Iowa,45.6,922094,2020678,2049547,0.9,2777,12584,1929,10998,0.536606382,1.192720048
1986,32,17,Kansas,,,1757001,1788426,1.5,5345,0,0,5345,0.298866154,#DIV/0!
1986,51,18,Kentucky,,,2661218,2687605,0.5,5288,6841,3370,12079,0.449433604,#DIV/0!
1986,45,19,Louisiana,,,3014498,3069021,1.3,14300,0,0,14300,0.465946632,#DIV/0!
1986,2,20,Maine,,,858200,870604,1.4,0,0,0,0,0,#DIV/0!
1986,52,21,Maryland,36.1,1161136,3216833,3401061,3.8,13326,69134,7494,55387,1.628521217,4.77007
1986,3,22,Massachusetts,41.1,1777276,4326264,4560556,5.1,0,0,0,0,0,0
1986,23,23,Michigan,37.8,2468009,6520661,6674856,2,20742,0,0,20742,0.310748277,0.840434537
1986,33,24,Minnesota,48.2,1456579,3024070,3089544,1.4,2462,38901,1437,23350,0.755774962,1.603071306
1986,46,25,Mississippi,,,1782721,1804699,0.5,6747,6458,3454,13430,0.744168418,#DIV/0!
1986,34,26,Missouri,,,3655213,3717988,0.8,10309,33819,5229,32448,0.87273009,#DIV/0!
1986,64,27,Montana,57.1,326436,572113,577604,0.8,1111,0,0,1111,0.192346313,0.340342364
1986,35,28,Nebraska,51.5,577916,1123099,1141336,0.9,2044,11265,304,7981,0.699268226,1.380996546
1986,65,29,Nevada,37.8,264365,700192,747283,5.1,4551,5518,1529,8839,1.18281829,3.343483441
1986,4,30,New Hampshire,33.8,257410,760526,775686,1.9,782,0,0,782,0.100813989,0.303795501
1986,12,31,New Jersey,30.4,1639330,5396487,5819614,6.4,12020,51359,14064,51764,0.8894748,3.157631471
1986,66,32,New Mexico,41.4,408621,987220,1026160,3.2,2416,4175,1147,5651,0.550693849,1.382944097
1986,13,33,New York,36.5,4481718,12263480,13512043,8.7,38449,0,29325,67774,0.501582181,1.512232586
1986,47,34,North Carolina,,,4653016,4749053,1,17698,58644,3322,50342,1.060042918,#DIV/0!
1986,36,35,North Dakota,62.3,295177,473962,477812,0.7,421,0,0,421,0.088109968,0.142626289
1986,24,36,Ohio,46.6,3628870,7781083,7891503,1.1,22463,0,0,22463,0.284647931,0.619008121
1986,53,37,Oklahoma,40.8,934447,2290182,2343190,1.3,9708,22740,1670,22748,0.970813293,2.434380976
1986,72,38,Oregon,56.4,1088140,1928782,1990233,2.8,4770,0,0,4770,0.239670431,0.438362711
1986,14,39,Pennsylvania,,,8820459,8955720,1.3,15201,0,0,15201,0.169735097,#DIV/0!
1986,5,40,Rhode Island,45.4,322724,711034,756297,5.2,1358,8174,453,5898,0.77985236,1.827567829
1986,48,41,South Carolina,31.9,763493,2393329,2437430,0.8,11676,21110,3066,25297,1.037855446,3.313324418
1986,37,42,South Dakota,,,492333,495833,0.5,1081,0,0,1081,0.218016953,#DIV/0!
1986,54,43,Tennessee,,,3478867,3532177,0.7,7591,26291,8600,29337,0.830564267,#DIV/0!
1986,49,44,Texas,,,10786533,11732625,6,38534,290074,57509,241080,2.054783137,#DIV/0!
1986,67,45,Utah,43.5,445499,1024337,1049339,2.4,0,0,0,0,0,0
1986,6,46,Vermont,54.3,211709,389843,396034,1.6,0,0,0,0,0,0
1986,40,47,Virginia,,,4240797,4394143,2.9,12930,17126,5767,27260,0.620371253,#DIV/0!
1986,73,48,Washington,43.1,1358160,3151152,3310457,3.6,6603,49663,7666,39101,1.181136018,2.878968605
1986,56,49,West Virginia,32.8,449249,1370305,1380916,0.4,1472,4241,968,4561,0.330288012,1.015249895
1986,25,50,Wisconsin,,,3432034,3495584,1.2,5736,24648,3854,21914,0.626905261,#DIV/0!
1986,68,51,Wyoming,51.3,168615,328971,334385,1,861,1840,337,2118,0.633401618,1.256116004
1984,0,0,United States,0,,167701904,173994610,4.3,454092,1012936,204686,1165246,0.669702355,#DIV/0!
1984,41,1,Alabama,,,2831099,2867180,0.5,10482,16338,2194,20845,0.727020975,#DIV/0!
1984,81,2,Alaska,62.1,213173,343030,354410,2.3,1967,2064,147,3146,0.88767247,1.475796653
1984,61,3,Arizona,48.9,1051339,2151391,2263826,4.2,7845,16687,1660,17849,0.788443988,1.69773974
1984,42,4,Arkansas,,,1668136,1689480,0.5,4482,8238,3463,12064,0.714065866,#DIV/0!
1984,71,5,California,58.9,9796375,16618345,19270739,13.4,43197,0,30645,73842,0.383181984,0.753768613
1984,62,6,Colorado,59.2,1343437,2267668,2325829,2.3,3231,0,1709,4940,0.212397386,0.367713559
1984,1,7,Connecticut,64.8,1490946,2300533,2431057,4.1,5718,46681,868,29927,1.231028314,2.007249089
1984,11,8,Delaware,58.4,258182,442354,455312,1.5,2202,6373,830,6219,1.365876586,2.408765909
1984,55,9,District of Columbia,46.5,219193,471669,505550,5.8,4521,0,0,4521,0.894273563,2.062565867
1984,43,10,Florida,,,7976805,8656427,6.8,26914,118318,5661,91734,1.059721291,#DIV/0!
1984,44,11,Georgia,,,4119852,4243165,1.3,15404,90057,7246,67679,1.595012214,#DIV/0!
1984,82,12,Hawaii,50.3,349253,694187,750909,7.3,1965,0,0,1965,0.26168284,0.562629383
1984,63,13,Idaho,63.7,421935,662771,675772,1.7,1253,0,0,1253,0.185417567,0.296965172
1984,21,14,Illinois,62.7,4969352,7922605,8327065,4.7,17114,0,0,17114,0.205522594,0.344390979
1984,22,15,Indiana,57.9,2268493,3916362,3960870,0.9,9328,0,0,9328,0.235503816,0.411198095
1984,31,16,Iowa,65.1,1339886,2057482,2084995,0.8,2836,11924,1662,10460,0.50167986,0.78066343
1984,32,17,Kansas,,,1751223,1779487,1.3,4244,0,0,4244,0.238495701,#DIV/0!
1984,51,18,Kentucky,,,2643027,2672424,0.5,4820,15004,3567,15889,0.594553858,#DIV/0!
1984,45,19,Louisiana,,,3019930,3072074,1.3,13659,0,0,13659,0.444618196,#DIV/0!
1984,2,20,Maine,,,840251,852022,1.4,0,0,0,0,0,#DIV/0!
1984,52,21,Maryland,54.5,1695924,3113967,3278321,3.4,13124,64827,7046,52584,1.603991799,3.100610641
1984,3,22,Massachusetts,60.7,2595054,4273437,4486676,4.8,0,0,0,0,0,0
1984,23,23,Michigan,60.6,3884854,6407156,6550877,2,14604,0,0,14604,0.222931983,0.375921463
1984,33,24,Minnesota,70.9,2115317,2982015,3039490,1.3,2167,31440,1418,19305,0.635139448,0.912629171
1984,46,25,Mississippi,,,1766654,1787243,0.5,6115,6570,3108,12508,0.699848873,#DIV/0!
1984,34,26,Missouri,,,3617948,3671506,0.8,8770,23574,4366,24923,0.67882226,#DIV/0!
1984,64,27,Montana,68.2,395006,578925,584162,0.7,964,0,0,964,0.165022716,0.244046926
1984,35,28,Nebraska,59.1,670781,1135012,1152310,0.9,1665,10763,361,7408,0.642882558,1.104384292
1984,65,29,Nevada,44.8,294413,656862,697185,4.7,3488,5226,1187,7288,1.045346644,2.475434169
1984,4,30,New Hampshire,56.6,406608,718967,732480,1.8,581,0,0,581,0.079319572,0.142889466
1984,12,31,New Jersey,60.5,3215941,5318696,5699440,5.9,10363,44208,12206,44673,0.783813848,1.389111305
1984,66,32,New Mexico,54.6,522328,956246,990632,2.9,2129,3926,1194,5286,0.533598753,1.012007781
1984,13,33,New York,57.2,7000828,12232120,13373558,8.1,33109,0,24212,57321,0.428614435,0.818774579
1984,47,34,North Carolina,,,4512013,4598151,0.9,16371,52600,3892,46563,1.01264617,#DIV/0!
1984,36,35,North Dakota,67.2,324179,482655,486449,0.7,432,0,0,432,0.088806843,0.133259711
1984,24,36,Ohio,60.3,4664223,7732456,7836806,1.1,18619,0,0,18619,0.237584036,0.399187603
1984,53,37,Oklahoma,55.5,1290555,2324445,2373014,1.2,7872,18809,1880,19157,0.807285587,1.484400122
1984,72,38,Oregon,66.4,1265824,1906880,1962501,2.6,4224,0,0,4224,0.215235559,0.33369568
1984,14,39,Pennsylvania,,,8790815,8918353,1.3,13090,0,0,13090,0.14677598,#DIV/0!
1984,5,40,Rhode Island,60.6,422851,697537,739064,4.9,1221,7147,394,5189,0.702104283,1.227146205
1984,48,41,South Carolina,43.7,1018701,2329080,2368236,0.7,9892,17043,3441,21855,0.922838771,2.145379262
1984,37,42,South Dakota,,,494651,497849,0.5,921,0,0,921,0.184995852,#DIV/0!
1984,54,43,Tennessee,,,3415760,3463234,0.6,7307,23598,6524,25630,0.740059725,#DIV/0!
1984,49,44,Texas,,,10582774,11397758,5.4,36682,235568,40783,195249,1.713047426,#DIV/0!
1984,67,45,Utah,64.3,641846,998820,1022083,2.3,0,0,0,0,0,0
1984,6,46,Vermont,61.6,235140,381479,387620,1.6,0,0,0,0,0,0
1984,40,47,Virginia,,,4100160,4234017,2.6,10839,16690,5986,25170,0.594470924,#DIV/0!
1984,73,48,Washington,62.9,1931546,3072714,3213263,3.4,6821,39181,5253,31665,0.985446881,1.639360388
1984,56,49,West Virginia,,,1391427,1401733,0.4,1579,3597,724,4102,0.292637756,#DIV/0!
1984,25,50,Wisconsin,,,3409202,3468053,1.1,4974,22426,3853,20040,0.57784584,#DIV/0!
1984,68,51,Wyoming,57.9,196153,338733,343957,1,724,1708,352,1930,0.561116651,0.983925813
1982,0,0,United States (Excl. Louisiana),0,,160466919,166027633,4,399102,789951,165559,959637,0.577998362,#DIV/0!
1982,41,1,Alabama,,,2780689,2813033,0.5,9233,14229,2266,18614,0.661705711,#DIV/0!
1982,81,2,Alaska,64.9,199458,307558,316787,2.2,1322,1816,101,2331,0.735825649,1.168667088
1982,61,3,Arizona,36.8,742923,2017098,2112246,3.8,6069,14949,1527,15071,0.713505908,2.028608618
1982,42,4,Arkansas,,,1639482,1656707,0.5,3922,3384,3061,8675,0.523629103,#DIV/0!
1982,71,5,California,49.9,8064314,16161555,18448245,12.1,34640,0,18913,53553,0.290287775,0.664073844
1982,62,6,Colorado,47.3,1037774,2196263,2248839,2.1,3042,0,1202,4244,0.188719602,0.408952238
1982,1,7,Connecticut,49.4,1112428,2253328,2369975,4,5156,33061,1311,22998,0.970389983,2.067369753
1982,11,8,Delaware,45.5,195726,430257,441374,1.4,2068,4626,621,5002,1.13327926,2.55561346
1982,55,9,District of Columbia,,,470719,500492,5.1,4081,0,0,4081,0.815397649,#DIV/0!
1982,43,10,Florida,,,7565499,8139171,6.3,27830,57074,5974,62341,0.765937956,#DIV/0!
1982,44,11,Georgia,,,3945107,4047788,1.1,14405,78097,4897,58351,1.441552769,#DIV/0!
1982,82,12,Hawaii,48.5,325459,671172,724189,7.1,1461,0,0,1461,0.201742915,0.44890447
1982,63,13,Idaho,51.1,332237,650534,662251,1.6,1044,0,0,1044,0.157644156,0.314233514
1982,21,14,Illinois,48.8,3856875,7908220,8284606,4.4,14293,0,0,14293,0.172524801,0.370584994
1982,22,15,Indiana,47.3,1834225,3879314,3921907,0.9,8790,0,0,8790,0.224125661,0.47922147
1982,31,16,Iowa,50.8,1050495,2068844,2094031,0.8,2829,10625,1050,9192,0.438961983,0.875016064
1982,32,17,Kansas,,,1736298,1761238,1.2,3078,0,0,3078,0.174763433,#DIV/0!
1982,51,18,Kentucky,,,2615445,2642810,0.5,4031,14516,3430,14719,0.55694507,#DIV/0!
1982,45,19,Louisiana,,,2982702,3029834,1.2,10930,0,0,10930,0.360745836,#DIV/0!
1982,2,20,Maine,,,817814,828907,1.3,0,0,0,0,0,#DIV/0!
1982,52,21,Maryland,39.2,1190011,3034834,3174995,3,11617,52603,6024,43943,1.384033676,3.692654942
1982,3,22,Massachusetts,50.3,2103780,4184146,4375262,4.4,0,0,0,0,0,0
1982,23,23,Michigan,49.3,3135928,6357552,6498711,1.9,14913,0,0,14913,0.229476276,0.47555301
1982,33,24,Minnesota,62.3,1834737,2943169,2993256,1.1,2081,24320,1479,15720,0.525180606,0.856798549
1982,46,25,Mississippi,,,1743267,1762406,0.4,5484,6304,2914,11550,0.655354101,#DIV/0!
1982,34,26,Missouri,,,3567803,3615526,0.7,7445,21637,2556,20820,0.575849821,#DIV/0!
1982,64,27,Montana,57.6,328082,569629,574592,0.7,914,0,0,914,0.159069392,0.278588889
1982,35,28,Nebraska,49.6,559422,1128918,1145316,0.8,1739,9964,309,7030,0.6138044,1.25665419
1982,65,29,Nevada,39.1,242578,621060,655823,4.4,2753,4733,1065,6185,0.943089828,2.549695356
1982,4,30,New Hampshire,42.1,289057,686264,698424,1.7,445,0,0,445,0.063714878,0.153948875
1982,12,31,New Jersey,43.8,2286925,5224732,5563627,5.4,8191,38186,10514,37798,0.67937696,1.652787039
1982,66,32,New Mexico,45.5,417945,919311,949133,2.6,1718,3854,1206,4851,0.511098023,1.160679037
1982,13,33,New York,44.9,5437367,12118685,13150573,7.5,27945,0,21062,49007,0.372660568,0.901300207
1982,47,34,North Carolina,,,4347870,4427095,0.8,16569,44274,6910,45616,1.030382226,#DIV/0!
1982,36,35,North Dakota,57.2,272876,476851,480367,0.7,322,0,0,322,0.067032082,0.118002316
1982,24,36,Ohio,46.2,3551995,7692059,7793022,1.1,17317,0,0,17317,0.222211614,0.487528839
1982,53,37,Oklahoma,39.1,901488,2302670,2346265,1.2,6500,14749,1858,15733,0.670555116,1.745225671
1982,72,38,Oregon,56.1,1063913,1895706,1946116,2.4,3900,0,0,3900,0.200399154,0.366571327
1982,14,39,Pennsylvania,,,8749931,8869173,1.2,10508,0,0,10508,0.118477788,#DIV/0!
1982,5,40,Rhode Island,54.2,370928,684977,723060,4.6,1037,6501,327,4615,0.638259619,1.244176767
1982,48,41,South Carolina,30.4,688300,2260577,2297223,0.7,9137,16981,3175,20803,0.90557164,3.022373965
1982,37,42,South Dakota,,,489474,492367,0.4,791,0,0,791,0.160652521,#DIV/0!
1982,54,43,Tennessee,,,3357236,3393233,0.6,7869,10101,3303,16223,0.478098616,#DIV/0!
1982,49,44,Texas,,,10228820,10910762,4.9,36149,177270,26274,151058,1.384486253,#DIV/0!
1982,67,45,Utah,55.8,537207,962724,984073,2.2,0,0,0,0,0,0
1982,6,46,Vermont,46.1,172084,372982,379067,1.6,0,0,0,0,0,0
1982,40,47,Virginia,,,3960296,4076585,2.3,10079,14813,6487,23973,0.588065746,#DIV/0!
1982,73,48,Washington,46.8,1404831,2999997,3138109,3.1,6264,60142,3047,39382,1.254959595,2.803326521
1982,56,49,West Virginia,,,1399303,1409116,0.4,1547,2711,610,3513,0.249305238,#DIV/0!
1982,25,50,Wisconsin,,,3372875,3426394,1,4714,19603,3125,17641,0.514856143,#DIV/0!
1982,68,51,Wyoming,50,172065,344218,349060,0.9,702,1303,244,1598,0.457800951,0.928718798
1980,0,0,United States,0,,159635102,164445475,3.5,324410,618471,168331,801977,0.48768566,#DIV/0!
1980,41,1,Alabama,,,2726249,2753078,0.4,6543,10985,2547,14583,0.529698033,#DIV/0!
1980,81,2,Alaska,60.2,162653,270122,277261,2,822,1181,93,1506,0.543170514,0.925897463
1980,61,3,Arizona,47.5,898183,1890167,1968947,3.4,4372,12584,1093,11757,0.597121202,1.30897601
1980,42,4,Arkansas,,,1610104,1624917,0.5,2911,2400,2855,6966,0.42869882,#DIV/0!
1980,71,5,California,56.2,8775459,15610966,17551451,10.8,24569,0,15253,39822,0.226887224,0.453788229
1980,62,6,Colorado,59.1,1225549,2071959,2118092,2,2629,0,927,3556,0.167886947,0.290155677
1980,1,7,Connecticut,64.7,1423403,2201356,2305904,3.8,4308,22981,1932,17731,0.76893921,1.245676734
1980,11,8,Delaware,56.8,239136,421344,430879,1.3,1474,3762,619,3974,0.922300692,1.66181587
1980,55,9,District of Columbia,37.9,178434,470956,496230,4.5,3145,0,0,3145,0.633778691,1.762556463
1980,43,10,Florida,,,7088658,7575002,5.8,20735,38906,8823,49011,0.64700973,#DIV/0!
1980,44,11,Georgia,,,3791652,3870251,0.9,12178,58450,3169,44572,1.151656572,#DIV/0!
1980,82,12,Hawaii,49.2,318026,646583,695906,6.9,985,0,0,985,0.141542105,0.309723104
1980,63,13,Idaho,70.4,446045,633624,644004,1.5,817,0,0,817,0.126862566,0.183165376
1980,21,14,Illinois,61.9,4868890,7868300,8216218,4.1,11899,0,0,11899,0.144823324,0.244388351
1980,22,15,Indiana,59.2,2275433,3846321,3885473,0.8,6683,0,0,6683,0.171999651,0.293702341
1980,31,16,Iowa,63.5,1314258,2070935,2093321,0.7,2481,8815,639,7528,0.359619953,0.572794687
1980,32,17,Kansas,,,1704420,1726471,1.1,2494,0,0,2494,0.144456524,#DIV/0!
1980,51,18,Kentucky,,,2562572,2592185,0.5,3588,12400,8120,17908,0.690845754,#DIV/0!
1980,45,19,Louisiana,,,2868792,2910776,1.1,8889,0,0,8889,0.305382482,#DIV/0!
1980,2,20,Maine,,,799746,810240,1.3,0,0,0,0,0,#DIV/0!
1980,52,21,Maryland,52.5,1557709,2964704,3081409,2.7,7731,41661,6436,34998,1.135779119,2.246761109
1980,3,22,Massachusetts,62.4,2566807,4110721,4281265,4,0,0,0,0,0,0
1980,23,23,Michigan,62.4,3978647,6374955,6514790,1.9,15124,0,0,15124,0.232148696,0.380129225
1980,33,24,Minnesota,72.1,2079451,2882406,2929927,1,2001,27000,1534,17035,0.581413803,0.819206608
1980,46,25,Mississippi,,,1704163,1719825,0.4,3902,4864,2292,8626,0.501562659,#DIV/0!
1980,34,26,Missouri,,,3529489,3571609,0.7,5726,17400,2395,16821,0.470964207,#DIV/0!
1980,64,27,Montana,67.1,371976,554636,559165,0.7,739,0,0,739,0.132161348,0.198668731
1980,35,28,Nebraska,58.4,651281,1115142,1129653,0.8,1446,7980,292,5728,0.507058362,0.879497483
1980,65,29,Nevada,51.9,297318,573118,602463,4,1839,4989,1052,5386,0.89399681,1.811528397
1980,4,30,New Hampshire,60.9,402415,660560,671558,1.6,326,0,0,326,0.048543834,0.081010897
1980,12,31,New Jersey,58.5,2999879,5123773,5420255,4.9,5884,29239,8911,29415,0.542686645,0.980539548
1980,66,32,New Mexico,53.2,464848,873515,897946,2.3,1279,2794,884,3560,0.396460366,0.765841738
1980,13,33,New York,53,6359218,12006100,12932357,6.8,21815,0,19652,41467,0.320645339,0.652077032
1980,47,34,North Carolina,,,4203817,4272156,0.7,15513,36467,6496,40243,0.941983392,#DIV/0!
1980,36,35,North Dakota,68,314525,462223,465447,0.6,253,0,0,253,0.05435635,0.080438757
1980,24,36,Ohio,57.3,4378937,7637813,7732705,1.1,13489,0,0,13489,0.174440897,0.308042797
1980,53,37,Oklahoma,54.2,1172303,2162051,2201257,1.1,4796,14360,2232,14208,0.645449396,1.211973355
1980,72,38,Oregon,64.3,1209691,1880863,1925651,2.2,3177,0,0,3177,0.164983167,0.262629052
1980,14,39,Pennsylvania,,,8664166,8774885,1.2,8171,0,0,8171,0.093118029,#DIV/0!
1980,5,40,Rhode Island,62.7,423349,675067,709692,4.3,813,5501,257,3821,0.538402575,0.902565023
1980,48,41,South Carolina,42.4,922397,2176721,2212354,0.6,7862,20589,3124,21281,0.961916583,2.307141068
1980,37,42,South Dakota,,,484328,486893,0.4,635,0,0,635,0.130418798,#DIV/0!
1980,54,43,Tennessee,,,3285608,3318036,0.5,7022,9130,3097,14684,0.442550955,#DIV/0!
1980,49,44,Texas,,,9572904,10120613,4.3,29892,131996,17235,113125,1.117768262,#DIV/0!
1980,67,45,Utah,66.6,609691,915484,934767,2.1,0,0,0,0,0,0
1980,6,46,Vermont,59.3,215500,363143,369147,1.6,0,0,0,0,0,0
1980,40,47,Virginia,,,3830887,3927383,2,8920,11463,4783,19435,0.49485879,#DIV/0!
1980,73,48,Washington,60.6,1772904,2923670,3037193,2.9,4399,12527,14669,25332,0.834059607,1.428842171
1980,56,49,West Virginia,53.5,742150,1387231,1396595,0.5,1257,2650,475,3057,0.218889513,0.411911339
1980,25,50,Wisconsin,,,3322053,3371087,1,3980,19088,2639,16163,0.479459593,#DIV/0!
1980,68,51,Wyoming,55.4,181004,326644,330784,0.9,534,940,154,1158,0.350077392,0.639764867